province_en,Longtitude,Latitude,Attributes,2005,2006,2007,2008,2009,2010,2011,2012,2013,2014,2015,2016,2017,2018,2019,2020,2021
Beijing,116.41667,39.91667,AT,-0.10946821299995722,0.08521035252640154,0.3348109695043118,-0.15530085774187435,-0.17221266295313353,-0.6248651170929449,-0.14599110177867208,-0.47106133810324624,-0.30949024792531465,0.37513488290705505,0.056344600309137134,0.16894306888182542,0.35497292620568266,0.10046953833590888,0.26716374865927195,0.11369049354992358,0.13164895771562585
Beijing,116.41667,39.91667,DPT,-0.22444995060140827,0.2768830272711592,0.612704585966618,0.0985305879216524,-0.27017109163046715,-0.37716478220187033,-0.2263605522187547,-0.27368126669489445,-0.2524424859253218,-0.04569761789013125,0.4473264645767667,0.1943716969592424,0.022284253610801892,-0.23524707136920345,-0.3872954140333819,0.09977470060271516,0.5406349156564786
Beijing,116.41667,39.91667,SLP,-0.46992346827974574,0.5089509709274097,-0.08313262268944828,-0.0571231956918602,-0.4910490290725903,-0.27854406002266646,0.26827858748716416,-0.30472385444593414,-0.349644065701499,0.1277822503868117,0.3526104632325529,0.1810504655040859,0.2305705972548594,0.09251619325698196,0.21364743296393665,0.22670893560460667,-0.16797560071208242
Beijing,116.41667,39.91667,WSR,0.5604631391441641,0.3383938571987639,0.10898344196591242,0.015842813381374176,0.0839777067055312,0.3705113153313632,0.2147416433882566,0.14523028757270243,-0.12662105447822627,-0.3073964616817133,-0.2908789117849482,-0.03715099253741408,-0.041509790426838694,-0.05733910907790523,-0.16401495216118114,-0.3736960716840069,-0.4395368608558359
Beijing,116.41667,39.91667,Rain,-0.5434040704889551,-0.2753177484073798,0.06753123190204338,0.05597180855464543,-0.05287576528501699,-0.008352206916521922,0.31258661164887885,0.30078545131132617,0.10884628112848506,0.3215528563746173,-0.12845153884338548,0.4036994808471911,0.32873903780921643,0.4416082361214527,-0.274680441796972,-0.5583917638785472,-0.4998474600810789
Tianjin,117.2,39.13333,AT,-0.1842748341967374,-0.06435344120738613,0.10881049097121571,-0.0591891434147807,-0.24341289918462697,-0.6055078674219105,-0.21599184895840357,-0.40556270952236295,-0.23463816311223507,0.29486231675614316,0.07823601996897712,0.19728907970116438,0.39449213257808946,0.2463727596061053,0.35537143425534395,0.19258179941232895,0.1449148737690778
Tianjin,117.2,39.13333,DPT,-0.25727824652819264,0.20567719164057335,0.36800957684983804,-0.1318888384285043,-0.16910270812916786,-0.24237915401837284,-0.5756786257778203,-0.31978671192166414,-0.02962688529292244,0.30783756005449736,0.21035008883683498,0.18922046673199971,-0.05553098931567744,-0.018283258041127747,-0.14658476149500832,0.2407239206125361,0.4243213742221798
Tianjin,117.2,39.13333,SLP,-0.1105362357709602,-0.2937302580607141,-0.11325913344076013,0.16726264974059318,-0.15701546576084865,-0.04708638774673861,0.6589673103282709,-0.22958385481863408,-0.34103268967172906,0.1384505930030115,0.29207268013569126,0.07379760414797486,0.021619286012180966,-0.10464717802026806,0.09520084629587953,0.1525083437628731,-0.20298811013778056
Tianjin,117.2,39.13333,WSR,-0.2399613744266508,-0.34067956868109656,-0.2599682143719308,-0.16711595718998837,-0.4017260803090034,0.5982739196909965,0.5435543574474945,0.28910839301520996,0.31971714814516866,-0.048100909310371726,-0.003299267723504336,0.1316186529331307,0.11349279793997034,0.15658445320672865,-0.09290255089723912,-0.38206123762774513,-0.2165345618411514
Tianjin,117.2,39.13333,Rain,-0.633526360292662,-0.14190160283810213,-0.2770736616033973,-0.0475761761561237,0.009941742507005451,-0.21060631118958503,0.002576280977682205,0.2288860263544691,-0.2134772572157998,0.1106624489577241,-0.08883860042254742,0.07912164192489639,0.21183854684708392,0.32740897412305103,0.05035278277944827,0.22573788553951646,0.36647363970733804
Hebei,115.48333,38.03333,AT,0.4000390028277048,0.6171872460753403,0.20401729125361595,-0.06594728117788574,-0.07943575909253431,-0.34280235317060526,-0.1859784834400497,-0.36028862092501734,-0.1764227906523227,0.14330288945948558,-0.03497253550882464,0.011993369519290142,0.14720317222998658,0.06962004745344025,0.184970910391003,-0.3828127539246598,-0.14967335131797072
Hebei,115.48333,38.03333,DPT,-0.3527296108852568,0.6315440139384385,0.36475981083547665,0.01437194059570233,-0.22473243175972785,-0.1878847589811665,-0.2755434331701651,-0.36845598606156144,0.07262299842362896,0.18274288558865015,0.25404048784534977,0.2712830830498631,0.026395918028706566,-0.0756844768937194,-0.16672820044802122,-0.36002862357919185,0.1940263834729943
Hebei,115.48333,38.03333,SLP,-0.40971875992947815,-0.27221930887332935,-0.1946206087723273,-0.006750071685661425,-0.27459074622786317,-0.11842720488138392,0.39222230546077114,-0.12562934795813407,-0.27647911301015937,0.0452019725812115,0.20334171172305573,0.09052277535664063,0.10356568080657676,0.02232199366062535,0.026581797797455425,0.5902812400705219,0.20439568388067958
Hebei,115.48333,38.03333,WSR,-0.18690164324839276,-0.19888544891640864,-0.604553465110741,-0.40876399142652997,-0.15580852583948587,0.07236961181233638,-0.03758990235770443,0.13649916646820637,0.16111455108359116,0.03560847820909746,0.24451536080019043,0.395446534889259,0.27722791140747755,0.2794951178852108,0.09747082638723477,0.011316980233388618,-0.11856156227673276
Hebei,115.48333,38.03333,Rain,-0.6013436978495645,-0.1115842779857789,-0.010770911333811667,-0.030419105757840275,-0.06224330096583673,0.13061279193435438,0.10878418690716052,0.1474436018711469,0.13583107798462632,0.07296665542595117,0.060864151628606866,0.39865630215043557,0.3380457871815492,0.32111698126259197,-0.09083362876239703,-0.4722829893386135,-0.33484362435257786
Shanxi,112.53333,37.86667,AT,-0.11182250678048988,0.03793426202389802,0.7628795107786708,-0.1808575281964636,-0.11362493715434863,-0.12502094855036017,-0.20471550443539213,-0.23712048922132925,0.01440576230492214,-0.04360148617851671,-0.0286781379218352,-0.011739168601913598,0.03591864096065792,0.023960581383550644,0.047256509441383425,0.14576998890724407,-0.01094454875967477
Shanxi,112.53333,37.86667,DPT,-0.14360317488218835,0.05550850369215085,0.8214616155337199,-0.12151738530841964,-0.17803581729885729,-0.10043673006949648,-0.16006564533938863,-0.17853838446628004,-0.0805785355080882,-0.019971651696184162,0.07279953083077789,0.0711424174679244,-0.000819767748451149,-0.050682580494641145,-0.09820913505713605,0.11505592158354203,-0.0035091812389838697
Shanxi,112.53333,37.86667,SLP,0.05191342606385352,-0.2368282957904605,-0.7210706019844753,0.12665047320057973,-0.04502852952634433,-0.05118357432569947,0.24151217947247314,-0.02814111230779764,-0.15581933591512667,0.0686644973532723,0.04312885263181358,0.025696051696861618,0.0921744311281132,-0.015753110749550266,0.2789293980155248,0.2264167373221102,0.09873851371478116
Shanxi,112.53333,37.86667,WSR,-0.13660369257191873,-0.07182267067410843,-0.6316766852726488,-0.1555817947616996,-0.06598325461571426,0.18146200085873793,-0.2851438385573202,-0.16963288965221088,0.1491627307857453,-0.1318591670244735,0.3066444826105627,0.3663160154572784,0.20810433662516142,0.3683233147273512,0.07489265779304456,-0.3616036925719188,0.35500214684413944
Shanxi,112.53333,37.86667,Rain,-0.6557323323168721,-0.07038444079882927,-0.10362064841305872,-0.12699485993366316,-0.05200526626071004,0.07824992889794646,0.1092127542957883,0.04792749285683338,0.28996265023251794,0.1296091553076035,-0.02571728316698901,0.34426766768312783,0.31196002463615524,0.221697144805218,-0.007658303307234279,-0.2932079174726469,-0.19756576704518697
Inner_Mongoria,111.670801,41.818311,AT,0.4123922967938289,-0.02643018313480636,0.2706260166867816,-0.002522957443459287,0.1262906018785746,-0.34211260953980194,-0.2803820118591595,-0.5876077032061712,0.15116125308285658,0.1513396652148814,0.02302565986251756,-0.12527050427664388,0.18695072676706712,0.1513396652148814,0.027200503751901944,-0.21783071837120235,0.08183029857795007
Inner_Mongoria,111.670801,41.818311,DPT,0.3147976633506489,-0.2779178825091632,0.12305906902265881,-0.01176972733511429,-0.22318962679447116,-0.21844714363028664,-0.3616701351886664,-0.3390484904955049,0.584360406402911,0.09232777811874136,0.36796089962115996,0.007295054984908524,-0.2873554240058908,-0.07437050510235324,-0.3475849601910378,0.013223158940139482,0.6383298648113336
Inner_Mongoria,111.670801,41.818311,SLP,-0.03701264037377599,-0.1756771978627555,-0.102827310259722,-0.07402038327616002,-0.4572524205752478,-0.1000798287843779,0.5427475794247523,0.03558747618607196,-0.40717332641158244,0.08379328752565626,0.21188420418536158,0.1610557968920638,0.021891697316637447,-0.08729987707349239,0.3125003060920046,0.3262377134685736,-0.25435507647400746
Inner_Mongoria,111.670801,41.818311,WSR,-0.5188296558958136,-0.2631881851683399,-0.4509742037891386,-0.2930130234198785,-0.19122984525986592,-0.14893854022593808,-0.39716325223477517,-0.21821422272554358,0.060782147796785146,0.026223208235478905,0.1540439435992155,0.3965877340363307,0.41599754940638034,0.48117034410418635,0.3457750466448212,0.2274225139006205,0.37354844099545953
Inner_Mongoria,111.670801,41.818311,Rain,-0.5333072430609912,-0.09519738294498978,-0.11512232323840504,-0.027336584582656073,-0.14415678246733712,-0.027882473357818197,-0.024880085094426827,0.15062315612017566,0.0965460493306841,0.164748028177494,0.07962349730066014,0.19449896642382633,0.21009091456439272,0.4666927569390088,-0.0262106889838844,-0.17380536656832654,-0.19492443855740876
Liaoning,123.38333,41.8,AT,-0.24796402677019064,0.004005880884817194,0.21604281888175042,0.028857023609528864,-0.16556662241321818,-0.4356133297259431,-0.26686087848338635,-0.4394283545057774,-0.224253826035709,0.1415963540191985,0.5605716454942226,0.048360000755035014,0.15339797273064726,0.03538178561616084,0.21846732061099106,0.1664474967439107,0.20655873858795817
Liaoning,123.38333,41.8,DPT,-0.17256000475171343,0.24387594196012005,0.415792166187344,0.12440100629027219,-0.15646932366640673,-0.016669317151960943,-0.27734486517971246,-0.307083310181504,-0.024747229923531937,-0.20979006240455858,0.6929166898184961,-0.032662281550514725,-0.26942981355272966,-0.20972491794672338,-0.220864620236551,0.10316391303598077,0.3171960292536936
Liaoning,123.38333,41.8,SLP,0.022504837645323586,0.03587873635859797,-0.23375427371929922,0.07042269275081901,-0.29149655678959496,0.02858964464282302,0.5986600002237682,-0.002911908250590646,-0.4013399997762318,0.16537103527472016,-0.09690949968116493,0.13114399591368495,0.04171000973126405,0.13463008325603715,-0.018630992994178898,0.03150528132915606,-0.21537308591432658
Liaoning,123.38333,41.8,WSR,-0.24804369236278986,0.10416330915928015,-0.30862207896857424,-0.0717879846002326,0.21040379622168506,0.3787447399050948,-0.019733190079684847,-0.15184886740084194,0.38818157399946274,0.23658340048348067,-0.6118184260005373,0.278288118900528,0.2125346942429945,0.23171277643477498,0.15743575969200488,-0.3524576954069299,-0.4337362342197151
Liaoning,123.38333,41.8,Rain,-0.6821782418453427,-0.1055798642845012,0.002353588211030135,-0.05781415549858072,-0.09834763549308093,0.13055378070381163,0.12059915400231307,0.13489861777242157,0.0962625666243396,0.07376841015520726,0.01167573863038937,0.22330780242799708,0.31782175815465724,0.132781197175694,0.00535097580899526,-0.11138214669891071,-0.19407154584644262
Jilin,125.35,43.88333,AT,-0.11262072433669598,-0.03557409056974853,0.8298188567730884,0.00926322489769866,-0.09241592886798067,-0.14944797967585544,-0.12240610122164913,-0.1701811432269116,-0.11775646209704932,-0.0071690224631026905,-0.022058435023468808,-0.051330026785153623,-0.02832488048003163,-0.007412071780979606,0.03597751514085371,0.009199820727817751,0.03243744898916972
Jilin,125.35,43.88333,DPT,-0.07881323643456924,-0.0634123211177582,0.8499930287888532,-0.07383251488530268,-0.15000697121114676,-0.08707074847677428,-0.13658305282507527,-0.11916145003761883,-0.033768289791641086,-0.07624641721510071,0.00914674303087702,0.007661264674078226,-0.08355366001435362,-0.05361471754387204,-0.10276657493794977,0.067506381710112,0.12452253628724219
Jilin,125.35,43.88333,SLP,-0.02848038118356848,0.07104952083631379,-0.8045725410513118,0.037867146927587046,-0.05630742645417576,0.05017923688333484,0.19542745894868815,0.04182767936092752,-0.09272710513445351,0.12160657833290736,0.12444782986113999,0.10077073379239905,0.026467701402154584,0.08587568790188578,0.02865460409357035,0.048853319503497125,0.04905995597828964
Jilin,125.35,43.88333,WSR,-0.23333037477533375,-0.18636696474138456,-0.4660727361484007,-0.0943262253977408,-0.13185923181041487,-0.30179510506579005,-0.336876206536933,-0.386291521512414,0.03864246566223684,0.008276566001731132,0.11087935740120305,0.3266469922559751,0.5339272638515993,0.4149155701511089,0.36851798433443556,0.17990991190893588,0.15520225442119537
Jilin,125.35,43.88333,Rain,-0.6322014850582064,-0.1056882188535278,-0.15415868096922908,0.007179808253175991,-0.18241397405089374,0.08926564614896074,-0.05116852054961114,0.10994025084286169,0.057909162363210934,0.09171596966823789,0.062158942216957135,0.36550133664247114,0.2931402202138177,0.3677985149417936,0.07192194998907715,-0.15381410422433073,-0.2370868175747653
Heilongjiang,127.63333,47.75,AT,-0.09178055980756605,-0.11750082003061443,0.7529917450251477,0.1568021539470808,-0.2470082549748523,-0.22665509512355114,-0.07435490924994523,-0.23381122895254752,-0.07591160069975936,-0.0413623441941832,0.05582631751585396,-0.14484747430570735,0.02750382680953423,0.06288951454187632,0.13888858517384658,0.013145090750054796,0.04518505357533355
Heilongjiang,127.63333,47.75,DPT,-0.16597671450754067,-0.34111297612985547,0.6533029691517518,-0.09089923240857727,-0.3466970308482482,-0.026134884861286494,0.05810685928747909,-0.10452539464006186,0.23754471330051746,0.0002891826817293531,0.21659782861525503,-0.12090350728300296,-0.10313606045175365,-0.06533013975067407,-0.11214001471059719,0.12647813213133932,0.18453627042352694
Heilongjiang,127.63333,47.75,SLP,-0.21510203184580315,0.1545037966615177,-0.587977055197208,-0.0822326128284619,-0.1615339391875269,0.02639806155977379,0.3130130438126568,0.15030054614778032,-0.35422962385033996,0.40800650542295136,0.412022944802792,0.23095625322795735,-0.2714722915132943,0.060911418555830626,-0.2802524148086473,0.16085537521561916,0.035832023823892674
Heilongjiang,127.63333,47.75,WSR,-0.0018871336798322287,-0.12433065727293484,-0.35665253937425817,-0.2793901412991346,-0.32617533044497043,-0.26548825652437147,-0.38646138845860506,-0.4936663075870638,-0.08209031507269388,0.030996170691241463,0.183515887306667,0.31117261769030535,0.41463472168709736,0.36557710906846336,0.5063336924129362,0.3019492518301264,0.20196261902702548
Heilongjiang,127.63333,47.75,Rain,-0.571961687573212,-0.009699726675101746,-0.09102295203692122,-0.08300670190089887,-0.10059892505008816,-0.04575471597467735,0.008146404849436718,0.00709449872299035,0.07213131543741595,0.08312192082752806,0.12149835813029566,0.17013994832217774,0.18617244859422244,0.42803831242678797,0.17946201295999564,-0.11166207569029998,-0.24209843536964998
Shanghai,121.55333,31.2,AT,-0.2724872374591551,0.23898906296186775,0.3728339631384265,-0.2721477019437405,-0.07868036526032413,-0.2610109370381322,-0.42656845435444274,-0.45488571634004654,0.07254875330547814,-0.27893841225203836,-0.21408712880779118,0.19213316183461,0.26350352717482567,0.25046536338289255,0.011432360530793512,0.31178547746682517,0.5451142836599535
Shanghai,121.55333,31.2,DPT,-0.37571409623601415,0.07834452834121251,0.15512822942029114,-0.22637442801246754,-0.09926056104516216,-0.2852808541680485,-0.4864807253228238,-0.30150729965041245,-0.3004201680672267,-0.1409339384006138,0.15625562513618765,0.3828218998986291,0.02986651255767218,0.32544551078605066,0.19949930366735202,0.37509118641819716,0.5135192746771762
Shanghai,121.55333,31.2,SLP,-0.029581414213908506,-0.28244888089826636,-0.1396390950466205,0.04593406679114179,-0.3641302440223084,-0.2010327170050799,0.2334299230532407,-0.47054143542982063,-0.18001567795455373,0.18410286610166807,0.2541817628729112,0.1272176310688401,0.5294585645701794,-0.05835553076892219,0.24635838556067965,0.39805234564822084,-0.29299055032740146
Shanghai,121.55333,31.2,WSR,0.4386815374951124,0.07116189211933065,-0.17687357030259043,-0.15894086830782947,-0.11743371537613576,0.18157897855898444,0.10884071541169509,0.3979803486980128,0.5531284446077455,0.17311635514572601,-0.2711713740503243,-0.10897109196287733,-0.08398620379040053,0.1336241125505219,-0.3658721598653553,-0.4468715553922546,-0.3279918455393431
Shanghai,121.55333,31.2,Rain,-0.6951859094395423,-0.0806199514928724,-0.04251352602593949,-0.2125123513519116,-0.05118262035226393,-0.11247711113107284,-0.12131065982131141,-0.2444399914317894,0.20520173298968358,0.10873750181383485,0.18532624843664697,0.1943007580102404,0.3048140905604577,0.14879388616717676,0.10615321895232893,0.2256645545566988,0.08125012955963534
Jiangsu,119.78333,32.05,AT,-0.09003790667866689,0.11082749279591263,0.1511303826120144,0.2069795558464454,-0.060336160426155305,-0.7541392820456885,-0.2092157771778167,0.06863926841019145,0.01266646667939232,-0.05430927122819539,-0.061448816893471064,0.0068250202259850295,0.16924195732998726,0.2430481696619299,-0.11337278536820468,0.12764096830201624,0.24586071795431155
Jiangsu,119.78333,32.05,DPT,-0.19936613460485217,0.15071033645688803,0.1660850446594158,0.23936310417268403,-0.18680878130854683,-0.6943619756523717,-0.4800551791190596,0.038472283383288196,-0.0724241721159205,0.008259506007989569,0.10941596311711499,0.14343887760368562,0.07351481202639634,0.3056380243476283,-0.0982365094472147,0.2402485585717825,0.2561062419010909
Jiangsu,119.78333,32.05,SLP,-0.03361420339370503,-0.15511880379057708,-0.19864216659051054,-0.3289416434080801,-0.12977151892679004,0.5593859770140508,0.3394238626355418,-0.44061402298594915,-0.13626619689901762,0.09727159851861594,0.1283468285384739,0.10624688266080067,0.11120809500071496,-0.23237841050173083,0.45470439664241713,0.11648502085314986,-0.25772569536551787
Jiangsu,119.78333,32.05,WSR,0.313700883723873,0.14320966823445017,-0.07604454474511224,-0.14685845654145557,0.05697804399637169,0.49530719422943026,-0.19687638411406225,0.7147406829350595,0.12313078691498049,-0.019034863855905023,-0.25621664944213673,-0.1255246451395188,-0.2244848459283326,-0.10723852108071695,-0.27306856769240523,-0.28525931706494045,-0.13646046442958693
Jiangsu,119.78333,32.05,Rain,-0.5743166100659574,0.014334644724498809,0.05367201646389802,0.014705518750954502,0.0007359304211239247,0.07367448895740766,0.046205086064590326,-0.067282366030848,0.1121217630333132,0.0786194759768168,0.42568338993404264,0.34137136125311784,0.35615687244115113,0.3418164100848647,-0.2606313584897427,-0.5060016143928211,-0.45086500912640987
Zhejiang,120.2,30.26667,AT,-0.04179210095242455,0.0631167314224636,0.6175341772189379,-0.16693523852808287,0.003974172688869533,-0.3824658227810621,-0.09827953630457448,-0.006029728203302096,-0.1259255366317461,-0.14594592193922423,-0.24661410701768247,0.05979468131487471,0.05544078231023135,0.046833652486023204,0.008126735323356093,0.1722787946169169,0.18688826497642816
Zhejiang,120.2,30.26667,DPT,-0.10841777144070606,0.016491975851712918,0.5451665503746628,-0.2471232897491124,-0.05413721445256775,-0.4548334496253372,-0.22297424384916392,0.01365546218487399,-0.16895155173982923,-0.05750235112095364,-0.20738631192549206,0.1939674786882264,0.08287928889967543,0.11061265661499274,0.09615933015805606,0.21812941783211495,0.24426402329885058
Zhejiang,120.2,30.26667,SLP,-0.010409344586385313,-0.08058337618475153,-0.5757714425894211,0.006893566633464338,-0.07915984582947214,0.42422855741057885,0.3640392880225228,-0.15763446287973634,-0.051150382360050185,-0.010349195416431603,0.2659760912946056,-0.032684587188017415,0.0992425922169096,-0.086297547329187,-0.0003042840362042395,0.053368825274882584,-0.12940445245389037
Zhejiang,120.2,30.26667,WSR,0.254839264410314,0.06052170548467946,-0.23766941455917248,0.013289839963027432,-0.03924076482410904,-0.22844229963134474,0.032383572833482685,0.234283810363174,0.6385410732902704,-0.13297363527907008,-0.139460023000612,0.0234305306262838,0.024800894229426555,0.0835438140174764,-0.0958824604206741,-0.3614589267097295,-0.13050698079341314
Zhejiang,120.2,30.26667,Rain,-0.6167519462243892,-0.08953708046976197,0.01639605289771177,-0.08631811785362323,0.04346460216978734,0.16600465630688593,-0.03525366544305915,0.07144762945781136,0.04895147026547827,0.3832480537756108,0.24102843273530067,0.14884904872769208,0.19270741437258193,-0.0011619250084992491,0.03717299342006179,-0.3536749105963257,-0.16657270853326325
Anhui,117.283042,31.86119,AT,0.0564959363502089,0.34855344669305904,0.1444408837143179,-0.37839531011683725,0.022538618527736927,-0.47920225723517645,-0.3995315899677372,-0.08175008011642783,-0.5710795357343366,0.049860127559810084,-0.049472195382883756,0.13927969909956325,0.17946320788586662,0.39828105083839144,-0.08285604824816155,0.27445358186694185,0.42892046426566344
Anhui,117.283042,31.86119,DPT,0.02165560600768408,0.23716381418092886,0.16404703690767233,-0.1606473396204448,0.014320642682500757,-0.3339154732797766,-0.6569332867621378,-0.1561299336360464,-0.452089882407731,0.08648271044359063,0.1638840377226685,0.2860868552800094,0.11107230178134817,0.3430667132378622,-0.1219233903830482,0.25660728839212943,0.19725229945278824
Anhui,117.283042,31.86119,SLP,-0.041205971942990256,-0.21384681376320908,-0.1946166362302102,-0.0025917754566971976,-0.1828631517220534,0.056544866492739716,0.19484830331009217,0.6895715425950256,-0.22756946845075438,-0.019452795117651644,0.02746883806285439,-0.07105120747418435,0.018699877107811385,-0.28722917122913943,0.6211736471456566,-0.05745162592287531,-0.3104284574049744
Anhui,117.283042,31.86119,WSR,-0.13009273904863355,-0.2723231381428881,-0.29241937363680254,-0.1625014568521998,0.011288523334610006,-0.012628827358851713,-0.3861074574182912,-0.5777293085363212,-0.0724929654850898,0.02515775628111425,0.36481244068530366,0.42227069146367885,0.3434425001248735,0.3086278949734438,0.1325735502239391,0.06775611461680657,0.23036579477531224
Anhui,117.283042,31.86119,Rain,-0.6626818842989977,-0.024597095146607826,0.07752122707467675,0.04761715640767243,0.07285135338632039,0.0705445483113492,-0.012838015618096298,-0.1296973849038306,0.12219447657533788,0.09164337521657326,0.2342433133266811,0.33731811570100245,0.17803603845116422,0.22698531687128393,-0.2263300121297569,-0.17980006586143607,-0.2230104633633349
Fujian,118.3,26.08333,AT,-0.2308877019366262,0.22321984467673706,0.05996657600681536,-0.028181013861127036,0.008323229675262663,-0.7072123734312021,-0.20568863256545586,-0.16249959039224052,-0.024445391093489185,-0.018415964872038927,0.07163220500049176,0.11079070681915,0.1430350296556012,0.12071959891208173,0.13130386342038883,0.21555198741684975,0.2927876265687978
Fujian,118.3,26.08333,DPT,-0.4181607252244077,-0.04294983453850391,-0.017846570823337248,-0.14234479643273865,-0.12838237860738552,-0.5935635991554106,-0.306984973290031,-0.05272352701625168,-0.1345200247764475,-0.04382248565258853,0.3601568034276365,0.4064364008445895,0.14068504823536276,0.17314766967930986,0.20450493304541537,0.28089099389828653,0.3154770663865055
Fujian,118.3,26.08333,SLP,-0.10486262527841712,-0.18225267110937668,-0.21867624592648957,0.006217217127341987,-0.18948914292735097,0.6638516948952318,0.17816382804637707,-0.3361483051047683,-0.018346584432551508,0.006297622369707047,0.03162527373261707,-0.07410762005209952,0.1713293824405206,-0.1801219321852035,0.24075930927170844,0.19850635437907013,-0.1927455552454394
Fujian,118.3,26.08333,WSR,0.32604308650935554,0.028721389247844873,-0.03432405161884196,-0.22466410578676269,-0.15183834593121018,-0.6739569134906445,0.2038643323715286,0.028570922801862145,0.11087606875431487,-0.010550353153599505,0.10139668265741465,0.14909454603388175,0.13495070011152224,-0.0010709670566992858,0.059416544228284345,0.026163459666141673,-0.07269299534439103
Fujian,118.3,26.08333,Rain,-0.62741353404575,0.19202427927485152,-0.04574129723505527,-0.038221602797242085,-0.03884824400039301,0.18265450128487778,-0.08563745383567604,0.01722122365298482,0.018683386460337393,0.27187627259067876,0.21819400952073367,0.37258646595425,0.10912860011514758,0.09975882212517383,-0.06734549871512222,-0.32925168157499324,-0.24966824877480231
Jiangxi,115.9,28.68333,AT,-0.2327705408365096,-0.038105356062960644,0.09976627494565253,-0.1992612326953588,0.026245852606113364,-0.46205645359005243,-0.33585473088930146,-0.42143405848029847,0.18245591095565525,0.04830753640717031,0.008518706176550246,0.152892143242401,0.14983573868558084,0.1417779448539604,0.11327002598760834,0.22846869228380212,0.5379435464099476
Jiangxi,115.9,28.68333,DPT,-0.19320403910883166,0.01853354211103785,-0.1115859296978066,-0.3873352484988972,-0.2504247475556985,-0.5562725781991696,-0.5112924901673103,0.02125833775136473,-0.06316840716584261,0.06883746162476734,0.39363310195174234,0.4437274218008303,0.2249472918490385,0.2136289099584491,0.07441281270420483,0.28921054902782645,0.3250940116142873
Jiangxi,115.9,28.68333,SLP,0.11803044429137334,-0.1936270879261064,-0.24347155541231916,0.1323986860333004,-0.3410126604338624,0.3550323699320659,0.44775937333899596,-0.5377983218172991,-0.15296644505831858,0.021452159592806615,0.17024493103407115,-0.02609635173883359,0.46220167818270086,-0.17222285151663663,-0.006321503568205732,0.26823041466614644,-0.3018332796013609
Jiangxi,115.9,28.68333,WSR,0.1474048442906564,-0.25075692041522685,0.04556660899653834,-0.22391868512110905,-0.18384515570934365,-0.05921280276816764,-0.39340397923875564,-0.6202422145328736,0.26541955017300867,-0.0882569204152267,0.12975778546712632,0.10475778546712709,0.1315960207612449,0.2062283737024212,0.047037197231832945,0.3797577854671263,0.36211072664359756
Jiangxi,115.9,28.68333,Rain,-0.5627498082280271,0.033252250797367676,-0.19896005759888047,-0.06761139596538689,-0.13258508619645526,0.2310902741329888,-0.12789508390864943,0.08501386141278736,-0.003381242682385416,0.2613751059792482,0.32082946424966685,0.43725019177197294,0.2262000888207033,0.12362058756240991,0.04749384311033947,-0.28054893886174936,-0.3923940543959521
Shandong,117.000923,36.675807,AT,-0.36529468019276357,0.1629169870051955,0.16495715276866266,-0.2896810365842218,-0.15617768943726482,-0.4910198953664968,-0.5816160063005106,-0.46749423390650324,-0.1807234337789938,0.23776556845243663,0.06365017157644098,0.2526205254176903,0.39600592548144503,0.2475201110090206,0.39167057323407595,0.19651596692231288,0.4183839936994895
Shandong,117.000923,36.675807,DPT,-0.4662520633414265,0.294453334410225,0.4540259766482756,-0.11784392809728352,-0.18675322184138382,-0.2728254779127817,-0.5459740233517244,-0.20816401734468748,0.048765528694958905,0.1047596932877676,0.15461809884856703,0.2088101523970097,0.01285203002508835,0.050739269362598115,-0.08845235511178613,0.19130393082316602,0.36593707250342034
Shandong,117.000923,36.675807,SLP,-0.09744944537349043,-0.32111377719601686,-0.3130104946798519,0.03433190334233723,-0.29165353821784834,-0.1864482092795669,0.6269016053064133,-0.24097368654916412,-0.35229081331740997,0.15691121937034622,0.2268878709292145,0.046830186545242035,0.20896450875366007,-0.03124974752979118,0.64770918668259,0.2348538096738915,-0.34920057845955577
Shandong,117.000923,36.675807,WSR,0.6477233750643112,0.33212570742582787,-0.036314525810324405,0.02199451209055033,-0.053078374206825644,0.12676856456868438,-0.35227662493568873,-0.25497341793860434,0.1418924712742241,-0.15019936546047025,-0.0583626307665924,0.06262862287772283,-0.02939032755959549,0.14571900188646916,-0.19557108557708813,-0.30417166866746725,-0.04451423426513457
Shandong,117.000923,36.675807,Rain,-0.6977804584993896,-0.10825724474792765,0.14232071918712286,0.014488695905375548,0.11332732837470948,0.22288209215744942,0.12893915419677812,0.03173241989699848,0.220733426234203,0.05376304518598051,0.056591668679874474,0.2476597460318477,0.19307275226025908,0.3022195415006105,-0.17891843548962544,-0.3650092234244583,-0.3777652274498072
Henan,113.65,34.76667,AT,0.1718246390048377,0.01886685637940535,0.01540220861859423,-0.32535231467153874,-0.36481080305855335,-0.33350065292381703,-0.5318838173021044,-0.3164982148383548,0.1872872336410506,-0.033231180320197666,-0.18830624768834883,0.180999539556615,0.2649210075407029,0.22244699239891036,0.29591035695684587,0.2678082140080464,0.46811618269789557
Henan,113.65,34.76667,DPT,0.3933242503803576,0.31265305401412763,0.1962823193769413,-0.13593735853889605,-0.008229862011248628,-0.27498161695700457,-0.6066757496196424,-0.4220967489064024,-0.003049487372560796,0.06117965035783441,0.14485396245663684,0.2133625401059481,0.027995221512907797,-0.026886718499855546,-0.22711945996912997,0.11444741566433977,0.24087858800564363
Henan,113.65,34.76667,SLP,0.48166219287757384,-0.24430079464426036,-0.20566073195213763,0.09996347686102446,-0.19481016832562056,-0.15050370018404574,0.5847425473293764,-0.2813735537014539,-0.41525745267062364,0.17193888225010814,0.24487878218374676,0.003875707857409643,0.2349927131018943,-0.1357951583791993,0.07512774233813196,0.07362071961225118,-0.3431012045543948
Henan,113.65,34.76667,WSR,0.726439911584008,-0.052814267584444616,-0.13975525915466883,-0.17761781094778223,-0.18919089281662055,-0.1877621172772578,-0.26770210870460454,-0.27356008841599194,-0.12875368750157554,0.07163208189405236,0.07556121462729995,0.08634846994948882,0.10506542951514108,0.16500256339140928,0.08249077599320946,0.012980846003210969,0.09163493944513117
Henan,113.65,34.76667,Rain,-0.6454713506400369,0.0147050120278923,0.07202287910488814,0.08190629036132428,-0.034504906892626135,0.20095109121354646,0.021540544962732854,-0.07072435413178102,-0.010861656611511164,0.12978461195687385,0.14191694313992398,0.3545286493599631,0.30721255774606704,0.30179739529119337,-0.23226190517634512,-0.4116132693238269,-0.22092853238827626
Hubei,114.298572,30.584355,AT,-0.08344622537284069,0.04060543190874505,0.746155554982556,-0.0871215802637605,-0.07132429800324845,-0.253844445017444,-0.10591984037098613,-0.12191943574475982,0.03374364548395525,-0.0727742086482903,-0.06461424641340463,-0.00680327429889537,-0.011608210738858897,0.025735418084016033,0.01668190626555823,-0.03634098883509272,0.05279479698275815
Hubei,114.298572,30.584355,DPT,-0.10448675206529995,0.04028568723472399,0.7419054947755616,-0.18121357648912095,-0.05565280802228766,-0.17998074199715147,-0.2580945052244384,-0.1467113334152536,-0.08827155395564612,-0.06376896842775329,0.029327158417217728,0.02841965524951804,0.04251163840078011,0.030662729116851355,-0.02960917937943295,0.07451396708815383,0.12016308869357824
Hubei,114.298572,30.584355,SLP,0.0680758457229238,0.004138116785195554,-0.7891036414565851,0.09435789700496558,-0.008755656108605505,-0.06998276233569187,0.16607950872656324,-0.051832579185509105,-0.09412195647490637,0.06908317173022181,0.07900991165698514,0.0215190691661241,0.10895496660204387,-0.04034906270198524,0.17831394096098926,0.21089635854341487,0.05371687136392262
Hubei,114.298572,30.584355,WSR,-0.07524285730631468,-0.055596874034577845,0.07239378926050113,-0.2886254676933991,-0.2306600913074816,-0.54888611737245,-0.19739808002562997,-0.39560854491572944,0.05372037941805802,0.09845875716557802,0.05080265913017617,0.417268327288122,0.27040973946474095,0.45111388262755003,0.23928738972733643,0.031934734601874036,0.1066283739716465
Hubei,114.298572,30.584355,Rain,-0.5999828669331811,-0.11590519703026855,0.013447553778792936,0.10053493241956972,-0.11758804492670867,0.0810527317723204,0.007525223681705563,-0.13376927470017144,0.3114087188273367,0.0852598515134208,0.14108509423186746,0.40001713306681885,0.3429297544260423,0.1745802398629353,-0.28422234913382843,-0.17554920997525236,-0.2308242908814012
Hunan,113.0,28.21667,AT,-0.1343884649992327,0.2621418173039624,0.20599208468364205,-0.08072598520816196,0.1301930547122458,-0.5468993467303618,-0.28866032173346945,-0.3928140339583179,0.3378164846338973,0.03430945814465455,0.020567386263047556,0.025355347959353874,0.03754288682267921,0.08542250378574416,-0.06337739672414278,-0.08557612822519982,0.4531006532696383
Hunan,113.0,28.21667,DPT,-0.30449551296786914,-0.014932967913424062,-0.13808810696566814,-0.32873954681087086,-0.21461426699905628,-0.2083161298817815,-0.5682964007775589,-0.30548196817900836,-0.21093403024980528,-0.022786669017494852,0.4113674456389528,0.38837545110239724,0.2730360725691805,0.2722013796982167,0.20056955513548172,0.3394320963958679,0.4317035992224411
Hunan,113.0,28.21667,SLP,0.1524202835550266,-0.12218103888754507,-0.06656065771289164,0.2387031825567235,-0.2440532027667803,-0.49739172214961314,0.5026082778503869,-0.344014307395298,-0.2817817130739588,0.11462694762875024,0.1071071758149301,-0.014505685587913632,0.3774948330170835,-0.18700665797220953,0.09602199495143456,0.3069645594528676,-0.13845226927780907
Hunan,113.0,28.21667,WSR,-0.2057530590924606,-0.18896037402124566,-0.20144498805324842,-0.25173512344976673,-0.16258442888321148,-0.6314608136203314,-0.23265652313325547,0.31358930067543095,0.09080048407616932,-0.035804052586394186,0.12262745787606398,0.3685391863796687,0.26593675979271586,0.26540924088995516,0.19393042956588286,0.19384250974875597,0.09572399383526911
Hunan,113.0,28.21667,Rain,-0.6462249209731878,-0.018985827966118012,-0.1306016380690522,-0.014846482202536947,-0.1401990592200101,0.18658946783226293,-0.12964922222964417,-0.07865834344287545,0.10515791356287556,0.149518512852227,0.21809245328960566,0.34088083381636475,0.35377507902681216,0.13600153420832065,0.0059967721291235175,-0.18129946582831077,-0.15554760678585505
Guangdong,113.23333,23.16667,AT,-0.12115460628225043,0.11984061134593701,0.10839924080292464,-0.3261306944231791,-0.0069225099083777344,-0.44774822575074064,-0.452712206621253,-0.27933609426578476,-0.21680204256773905,-0.08053471403695582,0.29485120520755065,0.030125737564231023,0.13261378163469448,0.07734409218618164,0.28468109805820707,0.33619753367779664,0.547287793378747
Guangdong,113.23333,23.16667,DPT,-0.25921563511916673,0.05868157333374206,-0.1425315756357332,-0.3369289145347684,-0.18792682739675673,-0.13884647258329388,-0.6037564647565266,-0.022651586071423632,-0.1870463160479433,-0.09169019812464536,0.39624353524347344,0.3260635195899388,0.22454382222495048,0.16662574239192116,0.3617405349825814,0.2733958963183496,0.16329936618529436
Guangdong,113.23333,23.16667,SLP,0.03668794679582706,-0.044954755587439305,-0.09523050898514439,0.03698339686473602,-0.298401673058417,0.113455723041603,0.1281297431322407,-0.5460873141850878,-0.09813576799633625,0.06017622727637321,0.1420651380504717,-0.02668609299145897,0.2529573972586806,-0.12236267364928914,-0.057560625195535176,0.4539126858149122,0.06505115341386364
Guangdong,113.23333,23.16667,WSR,-0.46588916319060325,-0.2896228824380711,-0.24273431514429322,-0.25836383757555287,0.21631054737379632,-0.18629437303141322,0.31732357197582245,-0.02102664510087827,0.2501745126415245,0.00560143015237753,0.04264918702647309,0.13266365880650208,-0.005686558270197852,-0.1776113050140478,-0.08817570443517622,0.5341108368093967,0.2365710394143174
Guangdong,113.23333,23.16667,Rain,-0.6012356091654906,0.08654208855528675,-0.08791812711827289,0.1285239796617545,-0.06611060015907791,0.05913857725524099,0.02899711653520844,-0.16462874507826045,0.18911912340409895,0.10059209215785163,0.36485224538695077,0.39876439083450954,0.12595414994299475,0.20482630691876147,0.06999430653448795,-0.44464411602237264,-0.392767179643671
Guangxi,108.320004,22.82402,AT,-0.1326326520914602,0.1554631105581693,0.12094743162742103,-0.49357852856939183,0.27068672809507094,-0.1857280475530145,-0.5905896176492185,-0.37196583854956317,-0.014030904276228462,-0.0072746437195724736,0.3021180272064777,0.2448366877043846,0.12219587107810738,0.027901973743893322,0.043984811373326695,0.09825520867082282,0.40941038235078153
Guangxi,108.320004,22.82402,DPT,-0.2162256037776504,-0.07484732438457223,-0.28543854943876124,-0.3886226439151793,-0.17795667485919608,-0.0487616677585162,-0.5430811236221831,-0.0835176285926595,-0.061057056053605806,0.06896013506680723,0.4569188763778169,0.1952401260975266,0.21691588661774533,0.14127495680236302,0.2472245793451542,0.2264083748455647,0.326565337249332
Guangxi,108.320004,22.82402,SLP,-0.08826576210597203,-0.015867051240422075,0.010491143971394976,0.2083502599933933,-0.3398771801539207,-0.015867051240422075,0.4075330408406026,-0.5924669591593974,-0.06369163687578816,0.058200628317603184,0.08035762647599486,-0.059720642400678564,0.3327747535477347,-0.14483804571555783,-0.015751949951264187,0.28811545336358235,-0.049476627667720374
Guangxi,108.320004,22.82402,WSR,-0.3143561318825162,-0.3124437535793174,-0.17214472715372595,-0.26515585371839917,-0.12746461588807956,-0.2568109302135316,-0.11407796776568706,-0.22221426818293322,-0.23699173688947023,-0.2117831138018486,-0.14484987318988787,0.14165916714390966,0.07872453571136413,0.425038861163381,0.4723267610242987,0.6856438681174838,0.5748997791049664
Guangxi,108.320004,22.82402,Rain,-0.575574583907424,-0.019747597271413123,-0.09745991225919874,0.1738721756844714,-0.10470233214711373,-0.004199386321564098,-0.09556308800284,-0.1829032230797189,0.051038435204517354,0.2899808119827901,0.4244254160925759,0.3431781104452128,0.25767732010177263,0.15432913789168506,-0.007561938412381668,-0.26989848101907804,-0.3368908649822911
Hainan,110.35,20.01667,AT,0.008884295433961105,0.21875094683898594,-0.09527640965388826,-0.4874242949626503,-0.08892375126666283,0.17056231294669427,-0.6173962516958966,0.038701728044275,-0.25609595981699707,0.07183856773980403,0.3826037483041034,0.10045414606064187,0.11871088502933738,0.16741459933140335,0.2884584956285463,-0.046629926508464245,0.025366868546764326
Hainan,110.35,20.01667,DPT,-0.3511130862890084,-0.12296112786860401,-0.2691326972840253,-0.6048772185292692,-0.18549126771750296,0.0684336103835527,-0.5300768113064226,0.2519518014567982,-0.2239631104008866,0.30071137923100516,0.37690491724740105,0.3234837095101662,0.39512278147073077,0.3286811590091754,0.1929044885917725,-0.03080016767999565,0.08022164017511883
Hainan,110.35,20.01667,SLP,-0.0702770838873206,-0.11662314874338965,-0.10024896300313538,0.017538386158556574,-0.25114064420484894,-0.13032763028677818,-0.008375542578110337,-0.5145514582866456,-0.04215619968132323,0.023126966943843592,0.1925641932991776,-0.008482330746003098,0.11361214118652176,-0.09861154442910348,0.3083937593832241,0.48544854171335433,0.2001105571620453
Hainan,110.35,20.01667,WSR,-0.19259245548439613,-0.37509717543404997,0.5061174249435456,0.62490282456595,0.2753118868692853,0.442240772961167,0.324242031614408,-0.14287565246362854,-0.010559730500129351,-0.13217709991485552,0.015557324251286685,-0.11518528116092214,-0.29926331766186637,-0.3354495983415386,-0.2084829526524262,-0.02188760966941808,-0.3548013919224072
Hainan,110.35,20.01667,Rain,-0.6547078507306218,-0.14575947309404635,-0.14950049651774072,-0.08439916930038538,0.1738254424979377,0.11436384908514682,0.032907293834554686,0.004313843445413043,-0.05563652689710679,0.23362541993900254,0.2562595516079878,0.1749909874842144,-0.007360405530035357,0.3452921492693781,0.09184251209225289,-0.36003175944213067,0.02997463225618121
Chongqing,106.45,29.56667,AT,-0.12584459459459382,0.4590090090090101,0.1682432432432449,-0.09628378378378268,0.1265765765765777,-0.34200450450450376,-0.0640765765765753,-0.5409909909909899,0.32708333333333495,-0.2751689189189175,0.21092342342342404,0.1931869369369377,-0.01874999999999832,0.05602477477477666,-0.0310247747747741,-0.15765765765765677,0.11075450450450529
Chongqing,106.45,29.56667,DPT,-0.025511518608350065,0.0174578213705053,0.27961610561759787,0.1425144593406004,0.1721549970237297,-0.1336900414900898,-0.6113746812726,-0.4641159590252056,-0.1779431754577683,-0.047336016418348136,0.16094067894488975,0.04494611619001876,0.06533578542427365,0.079344243361141,0.005639364943983531,0.10339650132821548,0.3886253187274
Chongqing,106.45,29.56667,SLP,0.14732503967625246,0.19458352531591092,0.0709107663952421,0.3119029334969363,-0.4048942814725261,-0.23335381149867176,0.49110223723942065,-0.35067321967969717,-0.5088977627605793,0.3555060666562238,0.030266728101024366,-0.07103875492775644,0.3884042389800374,-0.396104029079091,-0.021256335432532136,0.1360108534274098,-0.1397941944402951
Chongqing,106.45,29.56667,WSR,-0.525409576459071,-0.4508460261245958,-0.5516781357672779,-0.4808672367625464,-0.4862514756269614,-0.2327027727390514,-0.3234190396667722,-0.0064015816801510006,0.21157851295192578,0.2727630455020971,0.35956350234660683,0.3727793613774438,0.3525476759475206,0.4483218642327221,0.38207941032507015,0.26199456777326713,0.3959479043697752
Chongqing,106.45,29.56667,Rain,-0.6357292702242743,-0.0998512982964599,0.027046438741638094,-0.09165164203750834,-0.04205983453249539,-0.03375275919591564,0.00828390651591477,-0.08978971135861978,0.07305761032571144,0.28617706034003404,0.22498399245117687,0.3115637690194954,0.3642707297757258,0.18130023421571428,-0.09709420863733638,-0.21901486174532842,-0.16774015535747397
Sichuan,104.06667,30.66667,AT,-0.714321942560071,0.2402206301908326,0.012996893425474706,-0.2885944335256447,0.18182970899638687,-0.5144867812083939,-0.18829645596906103,-0.15989348887339072,0.1579281049895391,0.057947124833576474,0.19317821593863008,0.23939643694921775,0.19628479046471847,0.08495530336651264,0.11722563874976252,0.09795219679198644,0.2856780574399291
Sichuan,104.06667,30.66667,DPT,-0.3549449388091564,0.11411722432415333,-0.11153854283359016,-0.18239732831688188,-0.05447781699816099,0.31088330409418563,-0.45893344042611645,-0.4020883092726849,-0.3130477056075752,-0.09781234807972776,-0.019120289150514756,0.22816681110101256,0.29528862209634116,0.1458815074718357,0.11124262856418163,0.24771406226881698,0.5410665595738835
Sichuan,104.06667,30.66667,SLP,-0.26816837704702595,0.0358762533574559,-0.002108101745344765,0.22138349973424895,-0.24670212272648215,-0.018601946872975162,0.12193531587640023,-0.0030176887928119733,-0.014636147345968716,0.11121431654343056,0.04021801553076467,0.06925203408632123,0.08846251252911723,0.031304062465449256,0.6085280027965315,-0.3914719972034685,-0.38346763118564237
Sichuan,104.06667,30.66667,WSR,0.0533403780673946,-0.22829634847951105,-0.35424445227192625,-0.5274979452858987,-0.34226840436773487,-0.38139016085476113,-0.4316895620523657,-0.4410707995773159,-0.009134671832804751,0.3571327932370556,0.2002465656921452,0.2886697193847602,0.2253962662909478,0.47250205471410134,0.4313842902430436,0.2966537513208878,0.39026652577198506
Sichuan,104.06667,30.66667,Rain,-0.6935831685615423,-0.18833106772120617,-0.14048442906574393,-0.14589409293129021,-0.09783737024221463,0.09417943648047457,0.028948344043499736,-0.06017980721700443,0.15778237765694508,0.22826557093425615,0.30226767177459224,0.2802613692535838,0.30641683143845777,0.2639273356401384,0.048958848245180424,-0.25424493326742464,-0.13045291646070195
Guizhou,106.71667,26.56667,AT,-0.2308318746038324,0.13518539507432356,0.06610668245033219,-0.3659207206753377,0.18242724193081447,-0.6121920401643856,-0.4910902061531099,-0.6415933104134385,0.3533399658300499,-0.0033288417058095912,0.32008513103379066,0.28104994941672096,0.23337992872165153,0.1890639364287799,0.17343559132066638,0.05247648192225092,0.3584066895865615
Guizhou,106.71667,26.56667,DPT,-0.42728548535754335,-0.11293269832909943,-0.18903686385838941,-0.31547678305913196,-0.24543256184386744,-0.48280767785631473,-0.5245721589394615,-0.034644769083044015,0.1493919181473973,0.18951857644296968,0.4754278410605384,0.2833112280780629,0.24029108285777595,0.22445879591122322,0.2422018761099459,0.19115639923054414,0.33643128048839205
Guizhou,106.71667,26.56667,SLP,0.012231520956219011,0.5381329385909243,-0.022810863181707882,0.07722053247602875,-0.24267706937871628,-0.4618670614090758,0.163172183163095,-0.19191270586532502,-0.10941457752950888,-0.015638162913625537,-0.036890608152378275,-0.04309728818231553,0.09260440476816867,-0.12260075377990824,0.41687324820043675,0.017085772652814635,-0.0704115104152574
Guizhou,106.71667,26.56667,WSR,-0.014579780462612999,-0.2358946028390937,-0.23507794297792486,-0.5597002377921353,-0.1660701847092451,-0.2179280858934014,-0.19220330026661545,-0.5070256767468101,0.3708836740085991,0.3500588475488203,0.44029976220786476,0.4300915139432661,0.16059375975788442,0.22143491941488763,-0.04152955588115073,0.3561837965075792,-0.15953690581990176
Guizhou,106.71667,26.56667,Rain,-0.5734317251334637,-0.06499085354471824,0.025510521534613216,0.0437461889769657,-0.15159969636257314,0.07196704787267129,-0.10277380256100768,-0.26977189860501016,-0.10954342388531485,0.4265682748665363,0.26655135081322556,0.3571373461591108,0.22039099540810597,0.1590836122898491,0.04730024017222695,-0.18815565151383176,-0.15798852648738804
Yunnan,102.73333,25.05,AT,0.347241061867099,0.06790538636406368,-0.24700997613992726,-0.3253236139553216,0.1851203336652459,-0.652758938132901,-0.26700358840438054,0.1443027035151353,0.038202416067035574,0.1091701580025188,0.06669171660999296,0.001089672534616715,0.012204332387699218,-0.1250042271779345,0.32482011009450246,0.15522573130178444,0.1651267214007944
Yunnan,102.73333,25.05,DPT,0.26801769066256925,-0.027664154260363394,-0.08467086093173613,-0.051372825868787414,-0.21368603918800141,-0.5932012762747179,-0.09714291646768172,-0.23621810178360148,-0.3110504349992734,-0.17138694517694164,0.12441256064727323,0.40679872372528214,0.3572046538347066,0.11929431144148411,-0.019545552071870323,0.21359952381941058,0.3166116428922429
Yunnan,102.73333,25.05,SLP,0.037946839996279194,0.052399183153163144,8.119750252983631e-07,-0.026046534287639717,-0.11447223654453423,-0.26586984852604467,-0.03609553697935011,-0.2433148067702302,-0.07656761924866665,-0.06649100940669872,0.044241270253717546,0.005963956429448507,0.03800205429679427,-0.02978730314678299,0.7341301514739553,-0.01511410278788894,-0.03892526988017036
Yunnan,102.73333,25.05,WSR,-0.35324400030282405,-0.3622530093118327,-0.4328235798824034,-0.4298205768794005,-0.28867943573825905,-0.0576627047215284,-0.3553890024478258,-0.10420925126807469,-0.021626668685491755,0.5671764201175966,0.41187826481944123,0.314280667221844,0.15168950463068157,0.20488555782673423,0.3368031897443666,0.2216165745577516,0.1973780503192267
Yunnan,102.73333,25.05,Rain,-0.6881250506834875,0.011230364943026155,-0.03083528578911729,-0.04778822740393162,-0.06231932021662958,0.10445291421833457,-0.07014375480808221,-0.06388420713492006,0.09111411620052465,0.26239471532865916,0.3118749493165125,0.2290104610717941,0.21835432634248222,0.23210297569603489,-0.026624994794668927,-0.23944961568218337,-0.23136436660434892
Tibet,91.0,30.6,AT,-0.044853150450586216,0.09742737427191636,0.07993662418782617,-0.08063674122913148,0.15057234568126723,0.07610728837059944,-0.802544164448361,-0.06953684213730517,-0.0903911980067972,-0.0037136643060545742,-0.004386385463135051,0.17528191125864306,0.14164585340462343,0.08692257466519954,0.012405769573217788,0.07830656907643901,0.19745583555163898
Tibet,91.0,30.6,DPT,0.41464030745167646,0.40541787570876364,-0.1322403872414638,-0.04326452085580123,-0.09899526387955469,-0.05991877474205793,-0.5853596925483235,-0.05915816181480736,0.01506498300272472,-0.013901692643400158,-0.0827530086622253,-0.010811702626444712,0.047913953798357424,-0.02031936421707663,0.06122468002524198,0.009819923025226138,0.15264084621916665
Tibet,91.0,30.6,SLP,,,,,,-0.17150938512922698,,,0.11195479362574862,,,,,,0.6790926681373861,-0.29863074477132745,-0.3209073318626139
Tibet,91.0,30.6,WSR,-0.523793556510552,-0.5005269208660663,-0.22225795855801567,-0.26565023403498184,-0.17211835874414905,-0.4801686146771411,-0.18084334711083117,-0.24564092738072396,-0.06578983384884875,0.476206443489448,0.34905427969233305,0.32334464730517626,0.2754153778775356,0.29321435414556707,0.3988448799715328,0.3074070018887034,0.23330276736101607
Tibet,91.0,30.6,Rain,-0.6550476277636688,-0.2284302285675064,-0.05327140580074896,-0.09411154582408623,-0.20366684207716543,0.13783451926083531,-0.00847690301324729,-0.12081970088696703,0.1651261048954783,0.07255512084258055,0.3343857963255313,0.34495237223633124,0.30631630326187254,0.30741833878631203,-0.00024404938949525352,-0.19997178178933966,-0.10454847049671684
Shaanxi,108.95,34.26667,AT,0.6374532508002568,-0.35363976357816307,-0.008091135678090694,-0.28034799617773065,-0.13469757415626857,-0.1305833950834436,-0.36254674919974317,-0.33540165016254586,0.2648443522974788,-0.0029166011741255725,0.02291365712845783,0.20966345566092556,0.12339293778333335,0.11605527819984088,0.0015368916366653765,0.012479759686034736,0.21988528201712076
Shaanxi,108.95,34.26667,DPT,0.812296317418934,-0.14068152191624583,0.03224091575688433,-0.1388117158220632,0.1619154309923413,0.008141192765194401,-0.12333387648688304,-0.17298761609907132,-0.13001670197164752,-0.14414412579436223,0.10516335343001457,0.03501099885937734,-0.06800146651458391,-0.18136711748411302,-0.18770368258106593,0.05741404595079003,0.07486556949649657
Shaanxi,108.95,34.26667,SLP,0.37982740717707414,0.365466182483723,-0.14921085617855234,0.04493162578681185,-0.2788940449023256,-0.2190223651044642,0.19343067834492272,-0.24215989377704522,-0.4283904047307678,-0.04426088775991438,-0.03352321281564724,-0.10506338767685645,0.0935337334294942,-0.16393776020432607,0.5716095952692323,0.11401177604775765,-0.09834818538966074
Shaanxi,108.95,34.26667,WSR,-0.7786748686402667,0.10786778260826696,0.05574778931180307,0.1447372312424213,0.0795453425211209,0.2213251313597333,-0.12072279892349122,-0.04262660318023646,0.15898224548743567,0.053736728477212746,0.1573063614586102,0.210599473575252,-0.007768215380672448,0.13384398505505724,-0.041118307554293715,-0.2888139670146594,-0.04396731040329707
Shaanxi,108.95,34.26667,Rain,-0.6217216750953775,-0.2608996539792386,-0.14068849259160668,-0.16976089078165196,-0.12918773844379372,0.18585751042498444,0.25576701268742813,-0.045703575547866165,0.22020894330582916,0.0058047200780765055,0.03710185431638728,0.21153624345665883,0.37827832490462254,0.19475645461804644,0.09645328719723185,-0.21350146393398983,-0.0043008606157393745
Gansu,103.73333,36.03333,AT,-0.5480812080076796,0.3609368572603851,0.09017636774989583,-0.32445067187714305,0.08274629781982562,-0.013553235979707276,-0.43153109145756247,-0.5386115110379829,0.42933720691073524,-0.0064145413410127165,0.20811051693404492,0.45191879199232043,0.2810271836007119,0.054701426024954515,0.049019607843136116,-0.2794331893596609,0.1341011929247216
Gansu,103.73333,36.03333,DPT,-0.3747589479874722,0.44621291902020044,0.48591298877142103,-0.07872314236087377,0.11367397458867298,0.38651749935035623,0.14657330032687332,-0.19421953854780694,-0.3380814311309272,-0.3710970089035381,0.2367848790295006,0.26410410711599214,-0.04251063364197112,-0.02751412120300349,0.25561770860401817,-0.5140870112285788,-0.394405541802864
Gansu,103.73333,36.03333,SLP,0.045234307652659685,-0.01781146965510231,-0.07472338988474274,0.012253494841069922,-0.18555584191676383,-0.18984652026696258,0.03206011215485932,-0.14506634199229873,-0.2007696204331504,-0.05858802200438103,-0.07085573616059668,-0.09691707473138378,-0.009653137580757488,-0.08180905237151039,0.7992303795668496,0.13517236476097874,0.10764554802128765
Gansu,103.73333,36.03333,WSR,-0.4103346362856304,-0.02783868814948915,-0.3282168621095089,-0.2477198334763392,-0.32767661359519357,0.5464454825690418,-0.03972415546445319,-0.18397050878698104,0.12883338100232192,0.2590332729526187,0.03699113356850157,0.4486605014777395,0.16665077700448108,0.4103028569612611,0.04671560682620047,-0.45355451743095815,-0.02459719706358952
Gansu,103.73333,36.03333,Rain,-0.5735072006878268,-0.10885433832485476,-0.04429891810560998,-0.1747252274844163,-0.20147309593752233,0.008124955219603207,0.01665114279572983,-0.06890305939671842,0.29207136204055334,0.12296052160206368,0.058794869957727494,0.24758902342910388,0.34454395643763,0.42649279931217315,0.12578634377015138,-0.24629648205201685,-0.22495665257576833
Qinghai,96.75,36.56667,AT,0.43170960144762793,0.47681703690905947,-0.2250534222036319,0.09648004510197947,0.5362079783219518,0.6342138524910658,-0.2737471924927029,-0.3657861475089341,-0.23550325989106427,-0.24898293217426107,-0.2236621716239442,-0.05272385039964369,-0.1374355523628528,-0.13851763614705437,-0.29838778609295025,-0.2599274367344713,0.28429887335982457
Qinghai,96.75,36.56667,DPT,0.44937302701436704,0.3488087728801673,-0.3951761803429205,0.31302382454239674,0.6048238196570794,-0.015513755760004395,-0.33972783035879756,-0.20885018312755135,-0.3864070360062243,-0.26117193011697454,-0.2902639939192169,-0.22362826759468513,-0.01443898598057654,0.038468999070352804,0.18011877068177481,-0.06207082847795074,0.26263177783876446
Qinghai,96.75,36.56667,SLP,-0.4067908469313257,-0.2510969929462118,0.38595035960954305,0.18787317870626233,-0.3433585759202262,0.0655021343032398,,,,,,,,0.11218866635238747,0.5932091530686743,-0.1816488844102923,-0.16182819183213737
Qinghai,96.75,36.56667,WSR,-0.4931512061486954,-0.000266341983106679,-0.25856733378992,-0.5183775968343359,0.3557060599142627,0.1474266291251293,-0.26826979174593585,-0.21177992542424537,-0.05071912335438777,0.48162240316566407,0.393006620500722,0.39386906120792364,0.11141972959947136,0.03897471019455579,0.17135935874996772,-0.04726936052558186,-0.24498389265149847
Qinghai,96.75,36.56667,Rain,-0.6222264186573506,-0.1430931923331132,0.017219809272023223,-0.0691231548799296,0.006652661064425611,0.21598920467063218,0.10409781890284192,-0.03173685204418861,0.03882227048122603,0.128643030245806,0.059555282787272075,0.30052639033141326,0.276248701727882,0.3777735813426493,0.01621659899915011,-0.36527082743209655,-0.31029490447864555
Ningxia,106.26667,37.46667,AT,-0.5892196061009914,0.1115430179179631,-0.11372723234118128,-0.350955131052865,-0.06648896786613329,-0.05034799348437677,-0.2600695986968751,-0.254997778764993,0.2650673774618692,0.08107507774322567,0.06896934695690855,0.1590774470605661,0.19850436842884678,0.17784688286687458,0.11905819635717489,0.09388419961498651,0.4107803938990085
Ningxia,106.26667,37.46667,DPT,-0.5302778966669115,0.050511701645397415,0.12163582443353196,-0.4446447972567422,-0.16204265320025624,0.2535512676676991,0.08986245723156874,-0.09569745149534384,-0.44537670408930774,0.14527210979109004,0.33716085995254,0.46972210333308856,0.16511970095654396,-0.06254637731443372,0.07698950764703352,-0.21366361156767355,0.24442395893217578
Ningxia,106.26667,37.46667,SLP,0.22025768422019218,-0.2096858745479606,0.18822480967820707,0.4594397814575451,-0.2309751111060497,-0.18542604684225833,0.48181823476981006,-0.28538643896029975,-0.5181817652301899,-0.011151366180787861,-0.019766080508982976,-0.023281280033684012,0.25248859817206015,-0.15141277820180446,0.06281635339543618,0.24298270649966217,-0.2727614265827864
Ningxia,106.26667,37.46667,WSR,0.6998151571164511,0.36241528034503984,0.03548983364140483,0.0916820702402957,0.022181146025877962,0.13900184842883548,-0.2591497227356744,-0.255083179297597,-0.06802218114602582,0.032902033271718964,0.06962415280345054,0.004313000616142961,-0.15502156500308056,-0.06913123844731975,-0.14121996303142334,-0.3001848428835489,-0.20961182994454713
Ningxia,106.26667,37.46667,Rain,-0.49770025375872,-0.12637776547955948,-0.04632993816135045,-0.13669839730360525,-0.03638689042842829,0.039727769273909606,0.06474271531084998,0.15841503525043654,0.1306626045528499,0.030948939155285276,0.11656613181756778,0.21678324266996385,0.31061288931418535,0.50229974624128,-0.13858631775922342,-0.2628744144207507,-0.3258050962746887
Xinjiang,87.68333,43.76667,AT,-0.4157119289195047,0.17240906337274184,0.45254378712428023,0.1446870606523586,0.06696181938025532,-0.3842332062043027,-0.28027569600286545,-0.5474562128757198,0.2666509184151667,-0.35489192762408356,0.1878245695583756,0.25447396394920374,0.2207282550302332,-0.20267999679954873,0.14397457927403126,0.08717038211100196,0.1878245695583756
Xinjiang,87.68333,43.76667,DPT,0.16325839366611647,0.39480926372835434,0.124984122951861,-0.057665438841610336,-0.1706253440027094,0.005165332994623268,-0.2553452728735339,-0.45200897582454774,0.15153054744062,-0.49544857953342636,0.3010288327194209,0.5045514204665736,0.3672467081586859,-0.27774249544857926,0.09695584063677573,-0.2329057115034505,-0.16778864473517055
Xinjiang,87.68333,43.76667,SLP,-0.05689756479734855,-0.18803390903024989,-0.2788304598711306,-0.0477197282055218,-0.4010450931845872,0.02886184782110545,0.012640555240247486,-0.24182030021945544,-0.40053284183990073,0.12849473435745878,-0.14325460398453874,-0.043664405060249066,0.23935446286422943,0.05998111700923566,0.5989549068154129,0.39537768492520664,0.3381335971594645
Xinjiang,87.68333,43.76667,WSR,0.14971739585513907,-0.1506384760309815,-0.16961830995743424,-0.2600097690321674,-0.18575116879491974,-0.24102993510571466,-0.4979694368850737,-0.46760170260274864,-0.29749494103691265,0.1328727932454124,0.24010885492987225,0.2692903495917942,0.37771265089665795,0.5020305631149263,0.25268299490614765,0.092066150303538,0.2536319866024706
Xinjiang,87.68333,43.76667,Rain,-0.4746991553927798,-0.23597615666342778,-0.09858733836609618,-0.21437514014500336,-0.23430843112340238,0.0511902982285672,-0.06420042604081022,-0.07055366619328798,0.05603464384483149,0.05674938336198512,0.26235611779654683,0.5253008446072203,0.38981799835563197,0.5180740339337768,-0.06277094700650274,-0.2768751401450034,-0.12717691905224607
