省份,区站号,站名,纬度（度分）,经度（度分）,气压传感器拔海高度（米）,观测场拔海高度（米）
安徽,58015,砀山,3427,11620,45.4,44.2
安徽,58016,萧县,3411,11658,35.9,34.7
安徽,58102,亳州,3352,11546,39.2,37.7
安徽,58107,临泉,3301,11517,37.0,35.8
安徽,58108,界首,3314,11520,35.0,34.0
安徽,58109,太和,3311,11537,34.2,33.0
安徽,58112,天柱山,3044,11627,969.4,968.2
安徽,58113,濉溪,3356,11645,32.8,31.6
安徽,58114,涡阳,3329,11611,32.3,31.2
安徽,58116,淮北,3359,11650,32.7,31.5
安徽,58117,利辛,3308,11612,29.4,27.9
安徽,58118,蒙城,3316,11631,27.2,26.0
安徽,58122,宿州,3338,11659,27.1,25.9
安徽,58125,灵璧,3335,11731,24.4,22.9
安徽,58126,泗县,3328,11752,20.7,19.5
安徽,58127,怀远,3259,11712,22.4,21.2
安徽,58128,固镇,3320,11721,22.2,21.0
安徽,58129,五河,3309,11750,16.1,14.9
安徽,58202,阜南,3240,11534,32.4,31.2
安徽,58203,阜阳,3252,11544,33.9,32.7
安徽,58210,颍上,3239,11614,26.2,25.2
安徽,58212,凤台,3243,11646,24.2,23.0
安徽,58214,霍邱,3220,11617,34.1,32.9
安徽,58215,寿县,3226,11647,26.9,25.7
安徽,58220,长丰,3228,11709,29.3,28.1
安徽,58221,蚌埠,3251,11718,28.0,26.8
安徽,58222,凤阳,3251,11733,25.6,24.6
安徽,58223,明光,3248,11759,32.6,31.4
安徽,58224,淮南,3239,11701,33.6,32.6
安徽,58225,定远,3232,11740,70.6,69.6
安徽,58234,来安,3228,11825,41.6,40.4
安徽,58236,滁州,3221,11815,34.7,33.5
安徽,58240,天长,3241,11901,22.5,21.3
安徽,58306,金寨,3141,11553,96.5,95.4
安徽,58311,六安,3144,11630,75.3,74.1
安徽,58314,霍山,3124,11619,87.6,86.4
安徽,58316,舒城,3128,11655,24.8,23.6
安徽,58317,岳西,3052,11622,435.4,434.2
安徽,58319,桐城,3104,11657,86.0,85.4
安徽,58320,肥西,3144,11708,22.8,21.8
安徽,58321,合肥,3147,11718,28.2,27.0
安徽,58323,肥东,3153,11728,26.0,25.0
安徽,58326,巢湖,3135,11750,31.9,30.9
安徽,58327,庐江,3116,11717,46.4,45.2
安徽,58329,无为,3120,11752,10.8,9.6
安徽,58330,含山,3145,11805,27.0,26.0
安徽,58331,和县,3144,11822,23.5,22.5
安徽,58334,芜湖,3123,11822,10.7,9.5
安徽,58335,当涂,3134,11831,24.4,23.2
安徽,58336,马鞍山,3142,11834,81.2,80.0
安徽,58337,繁昌,3105,11811,28.0,26.8
安徽,58338,芜湖县,3109,11835,18.3,17.1
安徽,58417,宿松,3010,11608,55.9,54.7
安徽,58429,铜陵,3059,11751,12.2,11
安徽,58431,南陵,3054,11819,40.2,39
安徽,58432,泾县,3041,11824,58.4,57.3
安徽,58433,宣城,3056,11845,32.2,31.2
安徽,58435,旌德,3018,11832,221.3,220.2
安徽,58436,宁国,3037,11859,88.5,87.3
安徽,58437,黄山,3008,11809,1841.4,1840.4
安徽,58441,广德,3052,11925,44.3,43.1
安徽,58442,郎溪,3110,11911,17.7,16.5
安徽,58520,祁门,2951,11743,143.1,142.0
安徽,58523,黟县,2956,11756,228.7,227.5
安徽,58530,歙县,2952,11826,170.1,168.7
安徽,58531,屯溪,2943,11817,143.9,142.7
安徽,58534,休宁,2947,11811,171.4,170.2
北京,54398,顺义,4008,11637,29.6,28.6
北京,54399,海淀,3959,11617,46.9,45.8
北京,54406,延庆,4027,11558,489.1,487.9
北京,54416,密云,4023,11652,73.0,71.8
北京,54419,怀柔,4022,11638,76.8,75.7
北京,54421,密云上甸子,4039,11707,294.3,293.3
北京,54424,平谷,4010,11707,33.3,32.1
北京,54431,通州,3955,11638,44.5,43.3
北京,54433,朝阳,3957,11630,36.3,35.3
北京,54499,昌平,4013,11613,77.4,76.2
北京,54501,斋堂,3958,11541,441.3,440.3
北京,54505,门头沟,3956,11606,99.1,98.0
北京,54511,北京,3948,11628,32.5,31.3
北京,54513,石景山,3957,11612,66.8,65.6
北京,54514,丰台,3952,11615,56.7,55.2
北京,54594,大兴,3943,11621,38.8,37.6
北京,54596,房山,3946,11612,49.9,48.9
北京,54597,霞云岭,3944,11544,408.7,407.7
福建,58724,光泽,2732,11719,269.2,268.2
福建,58725,邵武,2720,11728,218.9,218.0
福建,58730,武夷山,2746,11802,223.1,222.1
福建,58731,浦城,2755,11832,277.9,276.9
福建,58734,建阳,2720,11807,198.1,196.9
福建,58735,松溪,2731,11845,261.3,260.2
福建,58736,政和,2723,11849,263.6,262.4
福建,58737,建瓯,2703,11819,155.7,154.9
福建,58744,寿宁,2727,11925,816.9,815.9
福建,58747,周宁,2709,11921,900.3,899.3
福建,58748,福安,2706,11939,51.5,50.5
福建,58749,柘荣,2714,11953,685.1,684.1
福建,58754,福鼎,2720,12012,37.0,36.2
福建,58818,宁化,2614,11638,359.7,358.9
福建,58819,清流,2611,11649,338.0,336.9
福建,58820,泰宁,2654,11710,344.1,342.9
福建,58822,建宁,2650,11651,343.5,342.3
福建,58823,顺昌,2648,11748,176.4,175.2
福建,58824,明溪,2624,11709,358.4,357.4
福建,58826,沙县,2624,11748,121.5,120.6
福建,58828,三明,2616,11737,209.2,208.2
福建,58836,古田,2635,11844,362.7,361.5
福建,58837,尤溪,2609,11809,205.9,204.8
福建,58839,闽清,2614,11851,41.8,40.8
福建,58843,霞浦,2653,12001,57.8,56.8
福建,58844,闽侯,2609,11909,58.6,57.8
福建,58845,罗源,2630,11932,61.5,60.5
福建,58846,宁德,2640,11931,33.2,32.4
福建,58847,福州,2605,11917,84.8,84.0
福建,58848,连江,2612,11933,14.4,13.4
福建,58850,三沙,2655,12014,93.2,92.2
福建,58911,长汀,2551,11622,311.2,310.0
福建,58917,武平,2505,11606,308.2,307.0
福建,58918,上杭,2503,11625,198.7,198.0
福建,58923,大田,2542,11750,400.9,400.1
福建,58926,漳平,2518,11725,206.5,205.3
福建,58927,龙岩,2503,11701,377.0,376.0
福建,58928,华安,2501,11732,167.7,166.5
福建,58929,安溪,2504,11809,69.0,68.0
福建,58931,九仙山,2543,11806,1654.6,1653.5
福建,58932,永泰,2552,11856,86.6,85.6
福建,58934,永春,2520,11816,171.3,170.3
福建,58935,德化,2529,11814,522.4,521.4
福建,58938,秀屿,2514,11859,24.3,23.1
福建,58941,长乐,2558,11930,26.9,25.9
福建,58942,福清,2543,11923,40.3,39.2
福建,58944,平潭,2531,11947,33.4,32.4
福建,58946,莆田,2527,11900,81.9,81.1
福建,59113,永定,2444,11643,227.9,226.9
福建,59122,长泰,2437,11745,44.0,43.0
福建,59124,南靖,2431,11723,54.7,53.7
福建,59125,平和,2423,11718,109.5,108.5
福建,59127,龙海,2426,11750,32.8,32.1
福建,59129,漳浦,2408,11736,53.8,53.0
福建,59130,同安,2444,11809,31.7,30.8
福建,59131,南安,2458,11822,46.6,45.4
福建,59133,崇武,2454,11855,22.5,21.8
福建,59134,厦门,2429,11804,140.6,139.4
福建,59320,诏安,2345,11708,38.8,37.8
福建,59322,云霄,2359,11722,23.8,22.8
甘肃,52323,马鬃山,4148,9702,1771.6,1770.4
甘肃,52515,肃北,3931,9452,2138.6,2137.2
甘肃,52533,酒泉,3946,9829,1478.4,1477.2
甘肃,52546,高台,3922,9950,1333.4,1332.2
甘肃,52557,临泽,3909,10010,1454.9,1453.7
甘肃,52643,肃南,3850,9937,2313.0,2311.8
甘肃,52652,张掖,3905,10017,1462.3,1461.1
甘肃,52656,民乐,3826,10049,2282.6,2281.4
甘肃,52674,永昌,3814,10158,1978.1,1976.9
甘肃,52679,武威,3755,10240,1532.7,1531.5
甘肃,52681,民勤,3838,10305,1368.7,1367.5
甘肃,52784,古浪,3728,10254,2073.6,2072.4
甘肃,52787,乌鞘岭,3712,10252,3046.3,3045.1
甘肃,52797,景泰,3711,10403,1632.1,1630.9
甘肃,52881,天祝,3659,10311,2486.0,2484.8
甘肃,52884,皋兰,3621,10357,1669.7,1668.5
甘肃,52885,永登,3645,10315,2120.0,2118.8
甘肃,52895,靖远,3634,10441,1399.4,1398.2
甘肃,52896,白银,3633,10409,1739.9,1738.7
甘肃,52978,夏河,3512,10231,2930.6,2929.4
甘肃,52980,永靖,3558,10318,1649.2,1648.0
甘肃,52981,东乡,3541,10323,2422.2,2421
甘肃,52982,广河,3529,10333,1954.4,1953.2
甘肃,52983,榆中,3552,10409,1875.6,1874.4
甘肃,52984,临夏,3535,10311,1918.4,1917.2
甘肃,52985,和政,3525,10320,2164.0,2162.8
甘肃,52986,临洮,3522,10352,1895.0,1893.8
甘肃,52988,康乐,3522,10343,2017.0,2015.8
甘肃,52993,会宁,3541,10504,1740.6,1739.4
甘肃,52995,安定,3535,10437,1898.4,1897.2
甘肃,52996,华家岭,3523,10501,2451.8,2450.6
甘肃,52998,渭源,3508,10412,2112.2,2111.0
甘肃,53821,环县,3634,10718,1256.8,1255.6
甘肃,53829,庆城,3559,10754,1094.9,1093.7
甘肃,53906,静宁,3531,10543,1657.6,1656.4
甘肃,53908,通渭,3513,10514,1769.4,1768.2
甘肃,53915,崆峒,3533,10640,1347.8,1346.6
甘肃,53917,庄浪,3513,10604,1632.2,1631.0
甘肃,53923,西峰,3544,10738,1422.2,1421.0
甘肃,53924,灵台,3504,10737,967.8,966.6
甘肃,53925,镇原,3541,10711,1173.7,1172.5
甘肃,53926,泾川,3521,10721,1030.0,1028.8
甘肃,53927,华亭,3512,10637,1478.8,1477.6
甘肃,53928,崇信,3518,10701,1150.3,1149.1
甘肃,53930,华池,3627,10759,1272.2,1271.0
甘肃,53934,合水,3547,10759,1275.7,1274.2
甘肃,53935,正宁,3529,10824,1483.1,1481.9
甘肃,53937,宁县,3531,10755,980.6,979.4
甘肃,56071,碌曲,3435,10230,3106.9,3105.7
甘肃,56074,玛曲,3400,10205,3472.6,3471.4
甘肃,56080,合作,3500,10254,2911.2,2910.0
甘肃,56081,临潭,3442,10321,2811.4,2810.2
甘肃,56082,卓尼,3435,10330,2541.5,2540.3
甘肃,56084,迭部,3404,10314,2375.4,2374.2
甘肃,56091,漳县,3451,10428,1884.5,1883.3
甘肃,56092,陇西,3500,10439,1729.4,1728.2
甘肃,56093,岷县,3426,10401,2316.2,2315.0
甘肃,56094,舟曲,3347,10422,1401.2,1400.0
甘肃,56095,宕昌,3402,10423,1754.4,1753.2
甘肃,56096,武都,3324,10455,1080.3,1079.1
甘肃,56192,文县,3257,10440,1015.5,1014.3
甘肃,57001,甘谷,3445,10520,1273.1,1271.9
甘肃,57002,秦安,3451,10539,1217.3,1216.1
甘肃,57004,武山,3444,10453,1496.6,1495.4
甘肃,57006,天水,3435,10545,1142.8,1141.6
甘肃,57007,礼县,3411,10511,1405.8,1404.6
甘肃,57008,西和,3402,10518,1580.2,1579.0
甘肃,57011,清水,3445,10609,1379.4,1378.2
甘肃,57012,张家川,3459,10612,1665.7,1664.5
甘肃,57014,麦积,3434,10552,1086.4,1085.2
甘肃,57102,成县,3345,10543,971.2,970.0
甘肃,57105,康县,3320,10536,1222.4,1221.2
甘肃,57110,徽县,3347,10605,932.0,930.8
甘肃,57111,两当,3355,10618,962.6,961.4
广东,57988,乐昌,2509,11321,103.5,102.6
广东,57989,仁化,2504,11346,113.6,112.7
广东,57996,南雄,2505,11415,150.5,149.7
广东,59071,连南,2444,11217,175.1,174.4
广东,59072,连州,2448,11222,132.2,131.5
广东,59074,连山,2434,11209,301.4,300.6
广东,59075,阳山,2429,11238,71.3,70.5
广东,59081,乳源,2447,11317,131.9,131.1
广东,59082,韶关,2440,11336,122.3,121.3
广东,59087,佛冈,2353,11331,98.2,97.2
广东,59088,英德,2411,11325,75.3,74.5
广东,59090,始兴,2457,11404,104.1,103.2
广东,59094,翁源,2421,11407,184.6,184.1
广东,59096,连平,2422,11429,215.7,214.8
广东,59097,新丰,2403,11412,199.3,198.6
广东,59099,和平,2427,11456,174.6,173.7
广东,59106,平远,2435,11554,153.5,152.6
广东,59107,龙川,2407,11517,180.4,179.6
广东,59109,兴宁,2409,11544,124.5,123.6
广东,59114,蕉岭,2439,11610,136.4,135.7
广东,59116,大埔,2420,11642,81.9,81.0
广东,59117,梅县,2417,11604,116.9,116
广东,59264,封开,2324,11130,84.3,83.6
广东,59268,郁南,2315,11132,30.1,29.2
广东,59269,德庆,2310,11147,47.8,47.2
广东,59270,怀集,2355,11211,85.6,84.8
广东,59271,广宁,2338,11226,58.2,57.3
广东,59276,四会,2321,11239,41.0,40.1
广东,59278,高要,2302,11227,41.9,41.0
广东,59279,三水,2311,11252,25.0,24.1
广东,59280,清远,2343,11305,79.9,79.2
广东,59284,花都,2325,11314,39.8,38.9
广东,59285,从化,2334,11336,39.2,38.3
广东,59287,广州,2313,11329,71.5,70.7
广东,59288,南海,2309,11301,30.3,29.5
广东,59289,东莞,2258,11344,56.8,56.0
广东,59290,龙门,2347,11415,86.0,85.5
广东,59293,河源,2348,11444,71.6,70.8
广东,59294,增城,2320,11350,31.5,30.8
广东,59297,博罗,2311,11417,17.9,17.0
广东,59298,惠阳,2304,11422,109.3,108.5
广东,59303,五华,2355,11545,136.8,135.9
广东,59304,紫金,2338,11511,177.6,176.8
广东,59306,揭西,2327,11551,81.5,80.8
广东,59310,丰顺,2346,11611,46.2,45.3
广东,59312,潮州,2340,11642,61.5,60.7
广东,59313,饶平,2341,11659,45.5,44.7
广东,59314,普宁,2318,11608,29.8,29.0
广东,59315,揭阳,2335,11624,44.0,43.2
广东,59316,汕头,2324,11641,3.9,2.9
广东,59317,惠来,2302,11618,15.3,14.4
广东,59318,潮阳,2316,11635,6.7,5.9
广东,59319,澄海,2326,11650,4.6,4.1
广东,59324,南澳,2326,11702,8.0,7.2
广东,59456,信宜,2221,11056,142.2,141.4
广东,59462,罗定,2242,11136,60.9,60.0
广东,59469,阳春,2210,11147,38.6,37.7
广东,59470,新兴,2242,11212,58.2,57.4
广东,59471,云浮,2256,11203,102.6,101.8
广东,59473,鹤山,2246,11258,20.6,19.8
广东,59475,开平,2224,11239,28.5,27.7
广东,59476,新会,2232,11302,37.1,36.3
广东,59477,恩平,2216,11214,68.5,68.0
广东,59478,台山,2215,11247,33.7,32.7
广东,59480,顺德,2251,11315,22.4,21.4
广东,59481,番禺,2256,11319,13.2,12.3
广东,59485,中山,2230,11324,34.5,33.7
广东,59487,斗门,2214,11318,24.3,23.4
广东,59488,珠海,2217,11334,52.3,51.5
广东,59492,惠东,2258,11444,48.2,47.4
广东,59493,深圳,2232,11400,63.9,63.0
广东,59500,海丰,2258,11519,7.3,6.5
广东,59501,汕尾,2248,11522,17.7,16.7
广东,59502,陆丰,2257,11539,6.4,5.6
广东,59650,遂溪,2124,11015,32.3,29.7
广东,59653,高州,2156,11051,32.0,31.3
广东,59654,廉江,2138,11018,30.0,29.3
广东,59655,化州,2139,11037,33.0,32.2
广东,59656,吴川,2124,11049,28.0,27.3
广东,59658,湛江,2109,11018,54.1,53.3
广东,59659,茂名,2145,11055,34.1,33.3
广东,59663,阳江,2150,11158,90.8,89.9
广东,59664,电白,2132,11059,32.4,31.6
广东,59673,上川岛,2144,11246,22.3,21.5
广东,59750,雷州,2058,11004,34.1,33.3
广东,59754,徐闻,2020,11011,56.7,55.9
广西,57859,资源,2602,11038,409.6,408.4
广西,57927,天峨,2458,10711,288.5,287.3
广西,57941,三江,2547,10936,198.4,197.3
广西,57942,龙胜,2548,11000,269.2,268.0
广西,57947,融安,2513,10924,122.5,121.3
广西,57948,融水,2505,10915,123.9,122.7
广西,57949,永福,2459,11000,158.0,156.8
广西,57954,临桂,2514,11011,158.8,157.6
广西,57955,兴安,2537,11040,225.2,224.0
广西,57956,灵川,2525,11019,169.1,167.9
广西,57957,桂林,2519,11018,165.6,164.4
广西,57960,全州,2556,11104,196.8,195.6
广西,57964,灌阳,2530,11109,264.3,263.1
广西,59001,隆林,2447,10520,673.4,672.2
广西,59004,西林,2430,10506,727.1,725.9
广西,59012,乐业,2447,10633,973.4,972.1
广西,59015,凌云,2421,10634,439.1,437.9
广西,59017,田林,2416,10616,279.4,278.2
广西,59021,凤山,2433,10702,510.6,509.4
广西,59023,河池,2442,10802,261.2,260.2
广西,59025,东兰,2432,10723,250.0,248.8
广西,59027,巴马,2408,10715,256.1,254.9
广西,59031,环江,2449,10816,343.5,342.3
广西,59034,宜州,2429,10840,151.9,150.7
广西,59037,都安,2356,10806,172.0,170.8
广西,59038,忻城,2404,10839,139.7,138.5
广西,59041,柳城,2439,10915,109.4,108.3
广西,59044,沙塘,2428,10923,98.7,97.5
广西,59045,鹿寨,2429,10945,95.9,94.7
广西,59046,柳州,2421,10924,97.8,96.8
广西,59047,柳江,2415,10920,102.1,100.9
广西,59052,恭城,2450,11049,170.8,169.6
广西,59053,平乐,2437,11040,107.0,105.8
广西,59055,荔浦,2430,11024,166.9,165.7
广西,59057,金秀,2408,11011,832.1,830.9
广西,59058,蒙山,2412,11031,183.1,181.9
广西,59059,昭平,2411,11048,107.0,105.8
广西,59065,贺州,2425,11130,149.9,148.7
广西,59209,那坡,2325,10550,795.1,794.1
广西,59211,百色,2354,10636,175.9,174.7
广西,59215,德保,2320,10638,681.2,680
广西,59218,靖西,2308,10625,741.1,739.9
广西,59224,田东,2336,10707,112.4,111.2
广西,59227,天等,2307,10708,455.4,454.2
广西,59228,平果,2319,10735,110.0,108.8
广西,59229,隆安,2310,10742,126.9,125.7
广西,59230,马山,2343,10810,169.2,168.0
广西,59235,上林,2326,10837,116.8,115.5
广西,59237,武鸣,2310,10817,112.8,111.7
广西,59238,宾阳,2313,10848,123.7,122.5
广西,59241,象州,2358,10941,91.7,90.5
广西,59242,来宾,2345,10914,86.1,84.9
广西,59246,武宣,2336,10940,71.2,70.0
广西,59255,平南,2333,11023,33.7,32.5
广西,59256,藤县,2322,11055,55.9,54.7
广西,59265,梧州,2329,11118,116.0,114.8
广西,59266,苍梧,2325,11114,43.7,42.5
广西,59419,凭祥,2206,10645,243.4,242.5
广西,59421,大新,2250,10712,256.3,255.1
广西,59429,上思,2211,10801,217.2,216.0
广西,59431,南宁,2238,10813,122.6,121.6
广西,59432,南宁城区,2248,10824,195.6,194.6
广西,59435,邕宁,2246,10829,75.9,74.7
广西,59441,横县,2242,10915,79.7,78.5
广西,59446,灵山,2225,10918,67.8,66.6
广西,59448,浦北,2216,10933,70.8,69.6
广西,59449,博白,2218,10959,87.1,85.9
广西,59451,北流,2242,11021,99.4,98.1
广西,59452,容县,2250,11032,132.7,131.5
广西,59454,岑溪,2257,11100,203.2,202.0
广西,59457,陆川,2219,11016,122.8,121.6
广西,59632,钦州,2157,10837,5.8,4.8
广西,59635,防城港,2137,10821,32.5,31.3
广西,59640,合浦,2140,10911,6.6,5.5
广西,59644,北海,2127,10908,14.0,12.8
贵州,56598,赫章,2708,10444,1538.1,1535.1
贵州,56691,威宁,2652,10417,2238.6,2237.5
贵州,56792,普安,2547,10458,1648.5,1649.4
贵州,56793,盘县,2543,10428,1796.0,1800
贵州,57606,桐梓,2808,10650,972.7,972
贵州,57623,道真,2853,10736,684.6,685.6
贵州,57625,正安,2833,10727,678.2,679.7
贵州,57634,务川,2831,10753,658.0,660.3
贵州,57636,沿河,2834,10830,335.4,334.6
贵州,57637,德江,2815,10806,630.5,629.5
贵州,57647,松桃,2809,10911,406.9,406.1
贵州,57707,毕节,2718,10517,1511.5,1510.6
贵州,57708,大方,2709,10536,1701.2,1700.0
贵州,57710,仁怀,2748,10624,891.0,890.3
贵州,57714,金沙,2728,10614,943.0,942
贵州,57717,遵义县,2732,10650,975.0,974.1
贵州,57718,息烽,2706,10643,1113.2,1112.1
贵州,57719,开阳,2704,10658,1280.7,1275.6
贵州,57722,湄潭,2746,10728,792.9,792.2
贵州,57723,凤冈,2759,10743,709.1,710.2
贵州,57728,瓮安,2704,10728,1097.9,1096.7
贵州,57729,余庆,2714,10753,621.3,622.1
贵州,57731,思南,2757,10815,417.7,416.8
贵州,57732,印江,2801,10824,458.0,456.5
贵州,57734,石阡,2734,10814,468.5,467.5
贵州,57735,岑巩,2711,10849,405.3,404.3
贵州,57736,江口,2742,10851,370.7,369.2
贵州,57737,施秉,2702,10807,548.3,547.3
贵州,57738,镇远,2703,10825,517.0,516.3
贵州,57739,玉屏,2714,10855,391.2,394.8
贵州,57741,铜仁,2743,10911,283.5,282.7
贵州,57742,万山,2731,10912,885.3,884.3
贵州,57800,纳雍,2646,10522,1458.6,1457.1
贵州,57803,黔西,2702,10601,1234.5,1231.4
贵州,57805,织金,2641,10546,1320.8,1319.3
贵州,57806,安顺,2615,10554,1430.5,1431.1
贵州,57807,六枝,2612,10528,1363.2,1361.9
贵州,57808,普定,2619,10545,1275.7,1274.5
贵州,57809,镇宁,2604,10545,1252.0,1251.0
贵州,57811,修文,2650,10636,1296.7,1296.7
贵州,57814,平坝,2625,10616,1299.2,1298.2
贵州,57816,贵阳,2635,10644,1224.9,1223.8
贵州,57821,福泉,2642,10730,926.5,925
贵州,57822,黄平,2654,10754,836.5,835
贵州,57824,贵定,2635,10714,1005.7,1001
贵州,57825,凯里,2636,10759,721.2,720.3
贵州,57827,都匀,2619,10732,970.2,969.1
贵州,57828,麻江,2630,10735,983.9,983.8
贵州,57829,丹寨,2612,10748,964.2,963.2
贵州,57832,三穗,2658,10840,627.8,626.9
贵州,57834,台江,2641,10818,643.1,641.3
贵州,57835,剑河,2643,10826,528.4,527.2
贵州,57837,雷山,2624,10804,840.0,839.0
贵州,57839,黎平,2614,10909,569.4,568.8
贵州,57840,天柱,2654,10912,402.4,401.4
贵州,57844,锦屏,2641,10911,344.0,343.0
贵州,57900,晴隆,2550,10513,1553.6,1552.7
贵州,57902,兴仁,2526,10511,1379.3,1378.5
贵州,57903,关岭,2556,10536,1138.4,1142.0
贵州,57905,贞丰,2524,10538,1063.8,1063.3
贵州,57906,望谟,2511,10605,567.0,566.8
贵州,57907,兴义,2505,10454,1300.7,1299.6
贵州,57908,安龙,2507,10529,1393.5,1394.5
贵州,57909,册亨,2459,10549,584.8,584.8
贵州,57910,紫云,2546,10605,1198.8,1197.6
贵州,57911,白云,2640,10639,1324.2,1323.0
贵州,57912,惠水,2608,10638,992.1,990.9
贵州,57913,龙里,2627,10659,1094.7,1093.7
贵州,57914,花溪,2625,10640,1149.8,1149.0
贵州,57915,乌当,2638,10646,1104.9,1104.0
贵州,57916,罗甸,2526,10646,440.1,440.3
贵州,57921,平塘,2550,10719,710.2,708.7
贵州,57922,独山,2550,10733,1015.5,1013.3
贵州,57923,三都,2559,10752,418.5,419.0
贵州,57926,荔波,2525,10753,432.9,428.7
贵州,57932,榕江,2558,10832,288.8,285.7
贵州,57936,从江,2545,10855,259.1,258.1
海南,59757,琼山,2000,11022,10.7,9.9
海南,59758,海口,2000,11015,64.7,63.5
海南,59838,东方,1906,10837,8.8,7.6
海南,59842,临高,1954,10941,32.5,31.7
海南,59843,澄迈,1944,11000,36.3,31.4
海南,59845,儋州,1931,10935,170.2,169.0
海南,59847,昌江,1916,10903,101.1,98.1
海南,59848,白沙,1914,10926,219.3,215.6
海南,59849,琼中,1902,10950,253.0,250.9
海南,59851,定安,1940,11020,54.5,53.3
海南,59854,屯昌,1922,11006,119.1,118.3
海南,59855,琼海,1914,11028,25.2,24.0
海南,59856,文昌,1937,11045,26.7,21.7
海南,59941,五指山,1846,10931,327.2,328.5
海南,59945,保亭,1839,10942,65.0,68.6
海南,59951,万宁,1848,11020,41.1,39.9
河北,53392,康保,4151,11436,1423.5,1422.4
河北,53397,尚义,4106,11359,1377.7,1376.5
河北,53399,张北,4109,11442,1394.4,1393.3
河北,53491,怀安,4040,11423,838.8,837.7
河北,53492,阳原,4006,11409,938.7,937.6
河北,53498,宣化,4034,11502,630.5,629.3
河北,53499,万全,4046,11444,756.2,755.2
河北,53593,蔚县,3950,11434,910.5,909.5
河北,53596,顺平,3851,11508,53.4,52.2
河北,53599,涞源,3922,11441,885.6,884.4
河北,53680,灵寿,3818,11423,110.1,108.9
河北,53682,曲阳,3838,11441,105.3,104.1
河北,53688,行唐,3825,11433,101.8,100.3
河北,53689,晋州,3801,11504,43.5,42.4
河北,53690,阜平,3851,11411,283.1,281.9
河北,53691,正定,3809,11434,72.1,71.0
河北,53692,唐县,3844,11459,67.6,66.5
河北,53693,井陉,3802,11408,256.6,255.5
河北,53694,平山,3816,11413,132.0,131.0
河北,53695,新乐,3821,11441,72.0,70.8
河北,53696,定州,3833,11501,42.3,41.4
河北,53697,藁城,3802,11450,54.6,53.5
河北,53699,无极,3811,11457,46.6,45.4
河北,53773,临漳,3620,11437,65.8,64.6
河北,53781,沙河,3652,11428,69.0,67.9
河北,53784,赵县,3745,11447,39.6,38.5
河北,53785,柏乡,3731,11440,36.2,35.0
河北,53789,栾城,3753,11438,54.0,52.9
河北,53790,高邑,3738,11436,45.7,44.5
河北,53791,元氏,3746,11431,67.5,66.4
河北,53792,临城,3727,11429,114.2,113.0
河北,53794,隆尧,3721,11445,34.3,33.1
河北,53795,赞皇,3739,11422,138.5,137.4
河北,53796,宁晋,3737,11453,31.8,30.6
河北,53797,内邱,3717,11431,75.1,73.9
河北,53798,邢台,3704,11430,78.5,77.3
河北,53799,巨鹿,3714,11459,27.1,25.9
河北,53883,任县,3708,11442,37.7,36.5
河北,53886,涉县,3634,11340,471.6,470.4
河北,53890,武安,3640,11406,281.3,280.1
河北,53891,南和,3701,11441,44.2,43.0
河北,53892,邯郸,3637,11428,67.7,66.6
河北,53893,曲周,3646,11457,40.8,39.6
河北,53894,峰峰,3624,11412,150.5,149.3
河北,53895,永年,3647,11430,61.8,60.6
河北,53896,魏县,3621,11457,51.3,50.1
河北,53897,磁县,3623,11423,70.9,69.7
河北,53899,广平,3629,11458,49.7,48.5
河北,53980,肥乡,3633,11448,51.3,50.2
河北,53996,成安,3627,11439,59.0,57.9
河北,54301,沽源,4140,11540,1413.1,1412.0
河北,54304,崇礼,4057,11516,1241.1,1239.8
河北,54308,丰宁,4112,11638,736.3,735.1
河北,54311,围场,4158,11746,893.8,892.7
河北,54318,隆化,4119,11744,562.8,561.6
河北,54319,平泉,4100,11840,503.3,502.3
河北,54401,张家口,4046,11455,774.1,772.8
河北,54404,赤城,4053,11550,868.7,867.6
河北,54405,怀来,4025,11530,572.1,570.9
河北,54408,涿鹿,4023,11513,530.7,529.6
河北,54420,滦平,4056,11720,530.1,529.0
河北,54423,承德,4058,11755,423.5,422.3
河北,54425,兴隆,4024,11728,634.4,633.2
河北,54429,遵化,4012,11757,56.1,54.9
河北,54430,承德县,4046,11809,270.3,269.2
河北,54432,宽城,4036,11829,305.8,304.7
河北,54434,迁西,4010,11820,132.8,131.6
河北,54436,青龙,4025,11857,255.4,254.3
河北,54437,滦南,3930,11837,19.3,18.3
河北,54438,卢龙,3953,11853,66.1,65.0
河北,54439,迁安,4001,11843,52.0,50.9
河北,54449,秦皇岛,3951,11931,3.5,2.4
河北,54502,涿州,3929,11602,30.4,29.3
河北,54503,容城,3904,11549,14.0,12.8
河北,54506,高碑店,3919,11557,25.7,24.6
河北,54507,易县,3920,11531,50.8,49.3
河北,54510,大厂,3955,11657,19.3,18.3
河北,54512,固安,3925,11617,22.6,21.4
河北,54515,廊坊,3930,11642,14.8,13.7
河北,54518,霸州,3910,11624,10.4,8.9
河北,54519,永清,3918,11629,13.4,12.2
河北,54520,三河,3958,11705,19.3,18.1
河北,54521,香河,3946,11659,14.2,13.0
河北,54522,玉田,3953,11744,15.6,14.4
河北,54531,滦县,3944,11843,44.1,43.0
河北,54532,丰润,3948,11805,32.8,31.6
河北,54533,丰南,3935,11806,10.1,8.9
河北,54534,唐山,3939,11806,24.5,23.2
河北,54535,曹妃甸,3917,11828,4.4,3.2
河北,54539,乐亭,3926,11853,9.7,8.5
河北,54540,昌黎,3944,11912,18.7,17.6
河北,54541,抚宁,3954,11914,25.4,24.3
河北,54601,徐水,3859,11539,14.3,13.1
河北,54602,保定,3844,11529,17.9,16.8
河北,54603,高阳,3843,11546,11.2,10.0
河北,54604,安国,3825,11520,30.8,29.6
河北,54605,安新,3856,11556,5.6,4.4
河北,54606,饶阳,3814,11544,20.2,19.0
河北,54607,望都,3843,11507,46.2,45.0
河北,54608,深州,3800,11533,27.3,26.1
河北,54609,安平,3814,11535,23.6,22.4
河北,54610,任丘,3844,11606,9.2,8.1
河北,54611,满城,3856,11519,45.9,44.8
河北,54612,文安,3851,11627,5.4,4.3
河北,54613,大城,3842,11637,8.0,6.9
河北,54614,河间,3825,11603,12.4,10.9
河北,54615,青县,3835,11651,9.3,8.0
河北,54616,沧州,3821,11651,9.1,8.0
河北,54617,献县,3811,11607,14.4,13.2
河北,54618,泊头,3805,11633,14.3,13.2
河北,54620,蠡县,3829,11534,19.7,18.5
河北,54621,深泽,3811,11511,39.3,38.1
河北,54624,黄骅,3824,11719,6.0,4.5
河北,54626,肃宁,3825,11549,15.1,13.9
河北,54627,盐山,3802,11714,9.4,8.2
河北,54628,海兴,3809,11729,7.6,6.4
河北,54631,广宗,3704,11509,33.6,32.4
河北,54632,平乡,3704,11502,35.2,34.0
河北,54633,新河,3731,11514,27.5,26.3
河北,54636,雄县,3901,11606,12.2,11.1
河北,54640,鸡泽,3655,11452,37.2,36.0
河北,54644,孟村,3803,11707,11.7,10.5
河北,54700,武强,3802,11556,17.4,16.2
河北,54701,辛集,3756,11512,36.9,35.9
河北,54702,衡水,3744,11542,21.9,20.7
河北,54703,武邑,3748,11553,22.5,21.3
河北,54704,冀州,3731,11534,26,24.8
河北,54705,南宫,3722,11523,28.6,27.4
河北,54706,清河,3705,11540,32.7,31.5
河北,54707,故城,3721,11559,28.6,27.4
河北,54708,枣强,3730,11544,24.7,23.6
河北,54710,阜城,3752,11610,19.8,18.6
河北,54711,景县,3742,11617,19.5,18.3
河北,54713,东光,3753,11632,15.6,14.4
河北,54717,吴桥,3738,11624,18.3,17.1
河北,54719,南皮,3802,11641,12.3,11.1
河北,54800,威县,3700,11515,34.5,33.3
河北,54801,临西,3651,11529,36.5,35.3
河北,54804,大名,3618,11508,46.0,44.9
河北,54809,馆陶,3633,11517,42.5,41.3
河北,54820,邱县,3649,11510,37.9,36.7
河南,53889,林州,3604,11349,308.6,306.8
河南,53898,安阳,3603,11408,195.7,194.8
河南,53972,沁阳,3503,11254,118.5,117.5
河南,53974,淇县,3537,11414,71.3,70.4
河南,53978,济源,3505,11238,140.9,140.1
河南,53979,博爱,3509,11305,121.1,120.0
河南,53982,焦作,3514,11316,113.5,112.0
河南,53983,封丘,3502,11425,70.8,69.6
河南,53984,修武,3514,11328,83.7,82.7
河南,53985,辉县,3530,11349,142.2,140.7
河南,53986,新乡,3519,11353,74.2,73.2
河南,53987,武陟,3506,11321,95.5,94.5
河南,53989,原阳,3505,11359,76.9,75.9
河南,53988,获嘉,3516,11340,78.8,77.6
河南,53991,汤阴,3555,11420,93.9,93
河南,53992,浚县,3539,11431,59.2,58.2
河南,53993,内黄,3556,11455,52.4,51.6
河南,53994,卫辉,3523,11404,71.2,70.0
河南,53995,滑县,3533,11430,64.5,62.5
河南,53997,延津,3509,11411,72.3,71.1
河南,53998,长垣,3512,11439,62.5,61.6
河南,54817,台前,3559,11552,43.1,42.1
河南,54900,濮阳,3542,11501,54.7,53.7
河南,54901,南乐,3605,11510,48.5,47.5
河南,54902,清丰,3554,11507,50.5,49.5
河南,54903,范县,3551,11529,50.6,45.7
河南,57051,三门峡,3448,11112,410.9,409.9
河南,57056,灵宝,3432,11051,485.5,484.5
河南,57063,渑池,3446,11146,523.6,523.6
河南,57066,洛宁,3424,11140,408.7,408.2
河南,57070,新安,3444,11207,359.5,364.0
河南,57071,孟津,3449,11226,333.2,333.3
河南,57072,孟州,3455,11245,128.5,127.5
河南,57074,伊川,3425,11224,246.9,252.2
河南,57075,汝州,3410,11252,204.3,203.1
河南,57076,偃师,3444,11247,190.1,189.5
河南,57078,汝阳,3409,11228,334.0,336.5
河南,57079,温县,3457,11302,106.9,106.4
河南,57080,巩义,3444,11258,166.1,165.2
河南,57081,荥阳,3448,11326,141.9,140.9
河南,57082,登封,3428,11301,428.4,427.1
河南,57083,郑州,3443,11339,111.6,110.4
河南,57084,嵩山,3430,11303,1179.0,1178.4
河南,57085,新密,3432,11320,264.8,259.9
河南,57086,新郑,3423,11343,116.8,116.6
河南,57087,长葛,3416,11344,105.0,104.1
河南,57088,禹州,3409,11330,117.7,116.1
河南,57089,许昌,3404,11356,68.2,67.2
河南,57090,中牟,3443,11358,80.2,78.1
河南,57091,开封,3447,11418,74.8,73.7
河南,57093,兰考,3451,11449,74.0,73.3
河南,57094,尉氏,3424,11413,68.5,67.4
河南,57095,鄢陵,3407,11409,62.2,61.1
河南,57096,杞县,3432,11447,60.7,59.7
河南,57098,扶沟,3405,11424,59.3,58.3
河南,57099,太康,3404,11451,53.6,52.6
河南,57156,西峡,3318,11130,251.3,250.3
河南,57162,嵩县,3408,11204,439.7,440.7
河南,57169,内乡,3303,11152,160.0,159.1
河南,57173,鲁山,3345,11253,146.8,145.7
河南,57175,镇平,3303,11214,192.2,191.4
河南,57176,南召,3329,11225,230.4,231.1
河南,57177,舞钢,3320,11332,91.3,89.8
河南,57178,南阳,3306,11229,181.6,180.6
河南,57179,方城,3317,11300,161.6,160.4
河南,57180,郏县,3359,11312,118.6,117.5
河南,57181,宝丰,3353,11303,137.4,136.4
河南,57182,襄城,3351,11331,81.4,80.4
河南,57183,临颍,3348,11355,65.2,60.0
河南,57184,叶县,3338,11318,98.5,97.5
河南,57185,舞阳,3327,11335,92.1,91.1
河南,57186,漯河,3336,11403,59.8,58.7
河南,57187,社旗,3304,11256,119.3,118.0
河南,57188,西平,3322,11402,56.8,55.9
河南,57189,遂平,3308,11357,65.5,64.6
河南,57190,黄泛区农试站,3345,11424,51.6,50.5
河南,57191,通许,3429,11429,64.2,63.4
河南,57192,淮阳,3344,11451,46.6,45.5
河南,57193,西华,3347,11431,53.6,52.6
河南,57194,上蔡,3317,11416,60.9,59.8
河南,57195,川汇区,3337,11437,47.6,46.6
河南,57196,项城,3328,11452,42.8,42.0
河南,57197,汝南,3258,11421,51.1,50.1
河南,57198,商水,3330,11434,45.6,44.6
河南,57261,淅川,3307,11131,234.5,233.0
河南,57271,新野,3231,11223,88.7,87.7
河南,57273,唐河,3241,11251,110.5,109.5
河南,57274,邓州,3242,11207,108.8,107.6
河南,57281,泌阳,3242,11318,143.1,142.2
河南,57285,桐柏,3223,11325,154.0,153.0
河南,57290,驻马店,3256,11355,107.2,106.2
河南,57292,平舆,3258,11438,45.3,44.4
河南,57293,新蔡,3244,11459,39.1,38.0
河南,57294,确山,3250,11401,84.6,83.6
河南,57295,正阳,3237,11421,80.2,78.5
河南,57296,息县,3221,11444,50.1,48.9
河南,57297,信阳,3208,11403,115.4,114.5
河南,57298,罗山,3213,11433,56.2,55.4
河南,57299,光山,3201,11454,50.6,49.4
河南,57390,鸡公山,3148,11404,734.7,733.5
河南,57396,新县,3138,11451,129.7,128.7
河南,58001,睢县,3426,11506,56.9,56.3
河南,58004,民权,3439,11509,61.6,60.6
河南,58005,商丘,3427,11540,51.1,50.1
河南,58006,虞城,3423,11553,50.6,46.3
河南,58007,柘城,3404,11518,53.2,47.2
河南,58008,宁陵,3428,11520,59.2,54.4
河南,58017,夏邑,3415,11608,42.0,41.0
河南,58100,郸城,3339,11510,42.4,41.4
河南,58101,鹿邑,3352,11529,42.8,41.3
河南,58104,沈丘,3324,11504,42.5,41.2
河南,58111,永城,3358,11627,33.5,32.5
河南,58205,淮滨,3228,11526,36.0,34.9
河南,58207,潢川,3210,11503,44.0,42.8
河南,58208,固始,3210,11537,43.9,42.9
河南,58301,商城,3149,11523,92.9,92.1
黑龙江,50136,漠河,5258,12231,439.7,438.5
黑龙江,50137,北极村,5328,12222,297.3,296.0
黑龙江,50246,塔河,5221,12443,363.0,361.9
黑龙江,50247,呼中,5202,12334,514.9,514.5
黑龙江,50349,新林,5140,12424,502.2,501.5
黑龙江,50353,呼玛,5144,12638,175.6,173.9
黑龙江,50442,加格达奇,5024,12407,373.4,371.7
黑龙江,50468,爱辉,5015,12727,167.4,166.4
黑龙江,50557,嫩江,4910,12514,243.0,242.2
黑龙江,50564,孙吴,4926,12721,236.0,234.5
黑龙江,50566,逊克,4933,12828,120.0,116.0
黑龙江,50646,讷河,4829,12451,204.4,202.8
黑龙江,50655,五大连池,4830,12611,267.7,266.8
黑龙江,50656,北安,4815,12630,276.9,278.4
黑龙江,50658,克山,4803,12553,239.8,236.0
黑龙江,50659,克东,4802,12615,293.1,291.8
黑龙江,50673,嘉荫,4853,13024,92.3,90.4
黑龙江,50674,乌伊岭,4834,12926,404.9,404.5
黑龙江,50739,龙江,4720,12311,191.6,190.0
黑龙江,50741,甘南,4756,12330,186.3,185.2
黑龙江,50742,富裕,4748,12429,163.8,162.7
黑龙江,50745,齐齐哈尔,4723,12355,148.5,147.1
黑龙江,50749,林甸,4711,12450,159.9,154.6
黑龙江,50750,依安,4754,12518,228.8,226.4
黑龙江,50755,拜泉,4736,12606,232.4,230.7
黑龙江,50756,海伦,4727,12658,240.4,239.2
黑龙江,50758,明水,4711,12554,248.3,246.0
黑龙江,50767,绥棱,4714,12706,204.0,202.7
黑龙江,50772,五营,4806,12914,299.1,288.0
黑龙江,50774,伊春,4742,12850,259.1,264.8
黑龙江,50775,鹤岗,4720,13012,183.3,182.3
黑龙江,50776,萝北,4734,13050,84.8,83.3
黑龙江,50778,同江,4740,13232,59.1,57.5
黑龙江,50779,抚远,4822,13417,41.2,40.0
黑龙江,50787,绥滨,4719,13150,63.7,62.7
黑龙江,50788,富锦,4714,13159,68.4,66.4
黑龙江,50842,杜蒙,4650,12425,148.9,145.4
黑龙江,50844,泰来,4624,12327,139.7,138.8
黑龙江,50850,大庆,4634,12508,148.4,147.2
黑龙江,50851,青冈,4641,12605,209.2,207.4
黑龙江,50852,望奎,4650,12627,170.4,169.1
黑龙江,50853,北林,4637,12658,181.2,179.6
黑龙江,50854,安达,4623,12519,150.4,149.3
黑龙江,50858,肇东,4604,12556,136.0,135.0
黑龙江,50859,兰西,4617,12617,169.9,169.3
黑龙江,50861,庆安,4653,12729,183.2,182.4
黑龙江,50862,铁力,4659,12759,207.0,206
黑龙江,50867,巴彦,4605,12721,134.8,134.1
黑龙江,50871,汤原,4644,12953,96.4,95.1
黑龙江,50873,佳木斯,4647,13018,83.1,82.0
黑龙江,50877,依兰,4618,12935,101.6,100.1
黑龙江,50878,桦川,4700,13043,80.2,78.2
黑龙江,50879,桦南,4613,13033,190.7,187.0
黑龙江,50880,集贤,4644,13107,104.7,102.3
黑龙江,50884,双鸭山,4638,13109,178.0,175.3
黑龙江,50888,宝清,4619,13211,83.5,83.0
黑龙江,50892,饶河,4648,13400,57.2,54.4
黑龙江,50950,肇州,4542,12515,150.2,148.7
黑龙江,50953,哈尔滨,4556,12634,117.7,118.3
黑龙江,50954,肇源,4530,12505,129.2,127.5
黑龙江,50956,呼兰,4605,12646,135.3,134.5
黑龙江,50958,阿城,4532,12656,166.6,168.2
黑龙江,50960,宾县,4544,12723,184.1,184.2
黑龙江,50962,木兰,4557,12802,113.5,112.1
黑龙江,50963,通河,4558,12844,110.0,108.6
黑龙江,50964,方正,4550,12848,123.2,119.3
黑龙江,50965,延寿,4526,12816,167.8,167.2
黑龙江,50968,尚志,4513,12758,191.0,189.7
黑龙江,50971,七台河,4546,13101,226.7,223.5
黑龙江,50973,勃利,4545,13036,242.8,234.4
黑龙江,50978,鸡西,4518,13055,273.5,272.5
黑龙江,50979,林口,4516,13014,276.9,274.7
黑龙江,50983,虎林,4546,13258,104.8,100.2
黑龙江,50985,密山,4533,13152,155.5,151.7
黑龙江,50987,鸡东,4516,13106,224.6,219.9
黑龙江,54080,五常,4454,12709,196.5,194.6
黑龙江,54092,海林,4436,12924,294.8,292.1
黑龙江,54093,穆棱,4456,13033,271.7,266.3
黑龙江,54094,牡丹江,4430,12940,306.5,305.7
黑龙江,54096,绥芬河,4423,13110,569.8,567.8
黑龙江,54098,宁安,4420,12928,272.4,267.9
黑龙江,54099,东宁,4405,13108,151.3,148.6
湖北,57249,竹溪,3219,10941,453.7,448.2
湖北,57251,郧西,3300,11025,249.9,249.1
湖北,57253,郧县,3251,11049,204.0,201.9
湖北,57256,十堰,3239,11047,283.5,286.5
湖北,57257,竹山,3214,11014,309.3,307.0
湖北,57259,房县,3203,11045,426.4,426.9
湖北,57260,丹江口,3234,11131,140.6,133.4
湖北,57265,老河口,3226,11144,128.8,132.1
湖北,57268,谷城,3216,11137,115.5,120
湖北,57278,襄阳,3200,11205,158.9,163.4
湖北,57279,枣阳,3209,11245,127.0,125.5
湖北,57355,巴东,3102,11022,335.0,334.0
湖北,57359,兴山,3121,11044,333.4,336.8
湖北,57361,保康,3153,11116,331.0,327.7
湖北,57362,神农架,3145,11040,936.2,935.2
湖北,57363,南漳,3148,11150,146.0,151.0
湖北,57370,宜城,3144,11213,68.3,67.8
湖北,57377,荆门,3100,11213,184.8,191.9
湖北,57378,钟祥,3110,11234,66.5,65.8
湖北,57381,随州,3137,11320,113.5,116.3
湖北,57386,孝昌,3115,11400,47.1,51.6
湖北,57387,京山,3100,11308,80.3,84.6
湖北,57388,安陆,3116,11342,54.3,53.7
湖北,57389,云梦,3102,11345,33.5,32.2
湖北,57395,大悟,3134,11407,71.8,74.9
湖北,57398,红安,3117,11437,75.3,74.3
湖北,57399,麻城,3108,11457,75.2,74.3
湖北,57439,利川,3017,10856,1075.8,1074.1
湖北,57445,建始,3036,10943,605.4,609.2
湖北,57447,恩施,3017,10928,458.0,457.1
湖北,57453,夷陵区,3046,11119,116.4,115.2
湖北,57458,五峰,3012,11040,620.7,619.9
湖北,57461,宜昌,3044,11122,257.5,256.5
湖北,57464,长阳,3028,11111,143.8,142.6
湖北,57465,宜都,3023,11127,76.3,74.1
湖北,57469,松滋,3011,11146,68.7,69.5
湖北,57475,潜江,3024,11254,39.2,31.2
湖北,57476,荆州,3021,11209,33.4,31.8
湖北,57477,公安,3004,11213,46.8,38.4
湖北,57481,应城,3057,11334,34.7,30.4
湖北,57482,孝感,3054,11357,26.3,25.5
湖北,57483,天门,3040,11308,32.2,31.9
湖北,57484,沙洋,3044,11233,58.3,57.2
湖北,57485,仙桃,3018,11329,24.9,23.7
湖北,57486,汉川,3039,11351,26.0,25.0
湖北,57489,蔡甸,3035,11400,39.4,38.4
湖北,57492,新洲,3050,11450,41.6,40.7
湖北,57494,武汉,3036,11403,24.4,23.6
湖北,57495,团风,3040,11453,28.8,28.1
湖北,57496,鄂州,3022,11452,30.7,31.3
湖北,57498,黄冈,3026,11454,22.1,21.4
湖北,57499,大冶,3004,11453,37.3,40.3
湖北,57540,咸丰,2941,10909,771.8,776.9
湖北,57541,宣恩,3000,10929,535.6,532.5
湖北,57543,鹤峰,2954,11002,538.7,539.8
湖北,57545,来凤,2932,10925,499.8,502.8
湖北,57571,石首,2942,11224,40.7,35.7
湖北,57573,监利,2950,11254,35.1,30.0
湖北,57581,洪湖,2949,11327,34.9,27.4
湖北,57582,赤壁,2943,11353,41.9,46.9
湖北,57583,嘉鱼,2955,11358,52.7,61.7
湖北,57586,崇阳,2932,11402,80.5,78.5
湖北,57589,通城,2916,11353,147.2,146.2
湖北,57590,咸宁,2951,11422,97.8,98.8
湖北,57596,金沙,2938,11412,752.3,751.4
湖北,58401,罗田,3045,11524,122.2,123.1
湖北,58402,英山,3044,11540,128.6,123.8
湖北,58404,浠水,3028,11513,56.8,61.8
湖北,58408,蕲春,3014,11526,36.3,35.1
湖北,58409,黄梅,3006,11556,27.6,32.0
湖北,58500,阳新,2951,11512,47.0,45.8
湖北,58501,武穴,2955,11538,25.8,23.5
湖南,57544,龙山,2928,10927,487.1,488.7
湖南,57554,桑植,2924,11010,320.9,322.2
湖南,57558,张家界,2908,11028,184.5,183.5
湖南,57562,石门,2935,11122,118.1,116.9
湖南,57564,慈利,2926,11108,104.0,103.0
湖南,57565,澧县,2940,11144,39.2,38.1
湖南,57566,临澧,2927,11139,52.5,51.5
湖南,57574,南县,2922,11224,37.1,36.0
湖南,57575,华容,2931,11234,32.1,31.0
湖南,57577,安乡,2924,11210,37.9,36.9
湖南,57584,岳阳,2923,11305,49.7,53.0
湖南,57585,临湘,2929,11327,60.2,60.4
湖南,57640,花垣,2835,10927,344.3,341.0
湖南,57642,保靖,2842,10938,326.8,325.3
湖南,57643,永顺,2900,10950,272.6,268.2
湖南,57646,古丈,2837,10957,302.1,302.1
湖南,57649,吉首,2814,10941,255.6,254.6
湖南,57655,沅陵,2828,11024,151.4,151.6
湖南,57657,泸溪,2813,11012,182.9,186.0
湖南,57658,辰溪,2801,11012,153.8,152.8
湖南,57661,桃源,2855,11129,49.8,48.7
湖南,57662,常德,2907,11141,151.4,150.6
湖南,57663,汉寿,2855,11157,31.5,31.9
湖南,57666,桃江,2831,11208,49.1,52.1
湖南,57669,安化,2823,11113,129.4,128.3
湖南,57671,沅江,2851,11222,35.5,37.0
湖南,57673,湘阴,2841,11253,54.6,53.2
湖南,57674,赫山,2834,11223,47.3,46.3
湖南,57678,宁乡,2815,11233,71.6,74.7
湖南,57679,马坡岭,2807,11247,116.0,115.0
湖南,57680,汨罗,2848,11304,47.9,46.7
湖南,57682,平江,2843,11334,105.0,106.3
湖南,57687,长沙,2813,11255,69.2,68.0
湖南,57688,浏阳,2809,11338,100.3,101.1
湖南,57740,凤凰,2757,10936,349.7,349.6
湖南,57743,麻阳,2753,10948,177.6,176.6
湖南,57744,新晃,2722,10910,356.1,355.5
湖南,57745,芷江,2727,10941,273.2,272.2
湖南,57752,溆浦,2755,11036,203.9,204.0
湖南,57754,洪江,2721,11009,170.7,170.9
湖南,57760,冷水江,2742,11126,250.4,249.2
湖南,57761,新化,2745,11118,213.4,211.9
湖南,57762,涟源,2741,11142,166.2,165.0
湖南,57763,娄底,2741,11200,201.2,205.8
湖南,57771,韶山,2756,11232,90.0,88.3
湖南,57772,湘乡,2745,11230,88.1,86.9
湖南,57773,湘潭,2752,11249,65.0,63.8
湖南,57774,双峰,2727,11210,98.4,100.0
湖南,57776,南岳,2718,11242,1265.1,1265.9
湖南,57777,衡山,2714,11252,65.5,63.3
湖南,57778,衡东,2706,11257,71.7,70.3
湖南,57779,攸县,2700,11321,100.6,102.5
湖南,57780,株洲,2752,11310,75.8,74.6
湖南,57781,醴陵,2739,11330,75.6,74.4
湖南,57845,通道,2610,10947,397.4,397.5
湖南,57865,冷水滩,2628,11135,167.1,166.1
湖南,57866,永州,2614,11137,172.1,172.6
湖南,57867,东安,2624,11117,169.8,169.0
湖南,57868,祁阳,2636,11152,114.3,113.2
湖南,57870,祁东,2648,11206,151.6,151.6
湖南,57871,衡阳县,2659,11222,91.0,90.8
湖南,57872,衡阳,2654,11236,104.8,104.9
湖南,57874,常宁,2625,11224,117.8,116.6
湖南,57875,衡南,2645,11241,131.0,137.0
湖南,57876,耒阳,2626,11250,136.2,135.0
湖南,57881,安仁,2643,11315,103.0,101.8
湖南,57882,茶陵,2647,11333,137.4,136.2
湖南,57886,炎陵,2629,11348,265.8,268.8
湖南,57887,永兴,2607,11307,168.8,167.6
湖南,57889,桂东,2605,11357,837.1,835.9
湖南,57962,双牌,2558,11139,169.0,167.8
湖南,57965,道县,2532,11136,191.0,192.2
湖南,57966,宁远,2536,11158,241.5,244.2
湖南,57969,江永,2516,11120,230.6,227.2
湖南,57971,新田,2555,11212,225.1,224.2
湖南,57972,郴州,2548,11302,187.1,184.9
湖南,57973,桂阳,2545,11243,330.3,329.1
湖南,57974,嘉禾,2535,11222,212.6,214.5
湖南,57975,蓝山,2523,11212,277.8,277.0
湖南,57976,宜章,2525,11257,226.4,222.8
湖南,57978,临武,2517,11233,293.2,292.0
湖南,57981,资兴,2559,11313,140.5,139.3
湖南,57985,汝城,2534,11341,611.0,609.8
湖南,59063,江华,2511,11127,262.8,265.7
吉林,50936,白城,4538,12250,156.2,155.3
吉林,50939,洮南,4520,12249,154.9,150.8
吉林,50940,镇赉,4551,12310,142.0,141.1
吉林,50945,大安,4530,12416,138.7,137.6
吉林,50946,松原,4511,12450,140.7,139.8
吉林,50948,乾安,4500,12401,148.0,146.3
吉林,50949,前郭,4505,12452,137.4,136.2
吉林,54041,通榆,4448,12304,155.4,150.0
吉林,54049,长岭,4415,12358,190.4,188.9
吉林,54063,扶余,4458,12600,197.7,196.8
吉林,54064,农安,4423,12509,175.4,170.2
吉林,54065,德惠,4432,12539,173.4,169.1
吉林,54069,九台,4410,12548,175.6,174.5
吉林,54072,榆树,4451,12631,203.3,196.5
吉林,54076,舒兰,4423,12656,269.3,268.1
吉林,54142,双辽,4330,12332,116.6,114.9
吉林,54154,梨树,4321,12418,160.6,160.2
吉林,54155,孤家子,4340,12414,145.0,144.2
吉林,54157,四平,4310,12420,167.2,165.7
吉林,54161,长春,4354,12513,237.5,236.8
吉林,54164,伊通,4321,12517,249.6,248.1
吉林,54165,双阳,4333,12538,223.9,219.5
吉林,54169,烟筒山,4318,12601,270.3,271.6
吉林,54171,永吉,4342,12631,232.4,229.5
吉林,54172,吉林城郊,4352,12632,291.7,290.3
吉林,54181,蛟河,4342,12720,294.5,295.0
吉林,54186,敦化,4322,12812,526.0,524.9
吉林,54187,安图,4307,12855,369.0,366.6
吉林,54192,罗子沟,4342,13016,386,384.6
吉林,54195,汪清,4318,12947,244.9,244.8
吉林,54260,辽源,4255,12505,254.4,252.9
吉林,54261,东丰,4240,12528,345.8,345.3
吉林,54263,磐石,4258,12603,339.5,336.7
吉林,54266,梅河口,4232,12538,341.5,340.5
吉林,54267,柳河,4215,12544,363.2,362.3
吉林,54273,桦甸,4259,12645,264.8,263.3
吉林,54274,辉南,4241,12559,308.3,306.7
吉林,54276,靖宇,4224,12648,569.6,570
吉林,54279,江源,4203,12635,545.4,544.4
吉林,54284,东岗,4209,12730,775.4,774.2
吉林,54285,二道,4225,12807,722.4,721.4
吉林,54286,和龙,4232,12900,478.8,475.6
吉林,54290,龙井,4246,12924,248.1,241.1
吉林,54291,珲春,4254,13017,37.8,36.5
吉林,54292,延吉,4252,12930,258.5,257.3
吉林,54293,图们,4257,12950,141.3,142.8
吉林,54362,通化县,4140,12544,388.8,380.1
吉林,54363,通化,4141,12554,404.3,402.9
吉林,54371,白山,4156,12626,521.6,520.6
吉林,54374,临江,4148,12653,378.9,379.7
吉林,54377,集安,4109,12613,225.5,225.1
吉林,54386,长白,4125,12811,777.8,775.0
江苏,58012,丰县,3441,11635,43.6,40.1
江苏,58013,沛县,3445,11654,36.8,36.5
江苏,58026,邳州,3424,11801,26.5,25.5
江苏,58027,徐州,3417,11709,42.0,41.2
江苏,58035,新沂,3420,11821,31.3,29.3
江苏,58036,东海,3433,11843,34.1,32.9
江苏,58038,沭阳,3405,11847,7.8,10.4
江苏,58040,赣榆,3451,11908,10.8,5.3
江苏,58041,西连岛,3447,11926,22.0,26.9
江苏,58044,连云港,3432,11914,4.7,4.7
江苏,58045,响水,3412,11936,8.4,4.8
江苏,58047,灌云,3415,11914,5.3,4.8
江苏,58048,灌南,3407,11921,9.1,4.2
江苏,58049,滨海,3401,11948,4.4,4.1
江苏,58130,睢宁,3356,11757,24.5,23.8
江苏,58131,宿豫,3358,11813,26.0,25.0
江苏,58132,泗阳,3343,11841,19.1,14.5
江苏,58135,泗洪,3329,11813,19.5,16.9
江苏,58138,盱眙,3259,11831,42.8,40.8
江苏,58139,洪泽,3318,11855,12,10.6
江苏,58140,涟水,3346,11918,13.4,9.1
江苏,58141,淮安,3338,11856,13.7,12.5
江苏,58143,阜宁,3348,11951,6.1,4.8
江苏,58145,楚州,3330,11909,8.4,7.4
江苏,58146,建湖,3328,11946,11.8,3.0
江苏,58147,金湖,3259,11858,28.6,24.2
江苏,58148,宝应,3314,11918,11.5,4.3
江苏,58150,射阳,3345,12018,3.0,1.8
江苏,58154,盐城,3326,12012,6.8,2.5
江苏,58158,大丰,3312,12029,7.1,3.1
江苏,58235,六合,3222,11851,12.3,10.4
江苏,58237,浦口,3204,11835,44.8,46.6
江苏,58238,南京,3156,11854,36.4,35.2
江苏,58241,高邮,3248,11927,9.6,5.4
江苏,58242,仪征,3218,11910,23.5,22.5
江苏,58243,兴化,3257,11949,4.5,3
江苏,58244,江都,3227,11935,14.4,5.2
江苏,58245,扬州,3225,11925,14.7,9.9
江苏,58246,泰州,3233,12000,3.4,2.6
江苏,58247,扬中,3216,11948,6.3,5.4
江苏,58249,泰兴,3210,12000,8.5,4.4
江苏,58250,姜堰,3231,12009,10.5,6.2
江苏,58251,东台,3251,12017,4.1,3.3
江苏,58252,丹徒,3211,11928,32.3,27.3
江苏,58254,海安,3231,12027,10.2,5.4
江苏,58255,如皋,3222,12034,7.1,6.4
江苏,58257,靖江,3159,12015,12.6,4.3
江苏,58259,南通,3205,12059,4.6,4.8
江苏,58264,如东,3220,12111,11.1,3.4
江苏,58265,吕泗,3204,12136,6.5,3.6
江苏,58268,通州,3206,12105,9.8,4.4
江苏,58269,启东,3147,12139,12.5,3.3
江苏,58339,高淳,3120,11854,20.9,15.2
江苏,58340,溧水,3139,11902,27.0,25.5
江苏,58341,丹阳,3159,11936,10.2,6.6
江苏,58342,金坛,3143,11933,7.7,6.9
江苏,58344,句容,3158,11912,35.0,36.0
江苏,58345,溧阳,3126,11929,8.1,5.9
江苏,58346,宜兴,3120,11949,15.8,16.4
江苏,58349,苏州,3125,12034,8.9,8.0
江苏,58351,江阴,3154,12018,12.2,4.2
江苏,58352,常熟,3139,12046,13.5,4.5
江苏,58353,张家港,3152,12034,10.9,8.7
江苏,58354,无锡,3137,12021,4.1,3.2
江苏,58356,昆山,3124,12100,7.5,3.2
江苏,58358,东山,3104,12026,21.0,16.7
江苏,58359,吴江,3108,12037,8.5,4.7
江苏,58360,海门,3155,12112,6.5,3.3
江苏,58377,太仓,3131,12106,6.7,5.7
江西,57598,修水,2902,11435,144.4,146.8
江西,57694,铜鼓,2832,11423,261.0,259.8
江西,57696,宜丰,2824,11447,92.9,91.7
江西,57698,万载,2807,11427,99.7,98.4
江西,57699,上高,2814,11455,67.8,66.6
江西,57786,萍乡,2738,11351,118.7,117.5
江西,57789,莲花,2708,11357,195.7,194.5
江西,57792,分宜,2749,11441,94.9,93.7
江西,57793,宜春,2748,11423,132.3,131.3
江西,57796,新余,2750,11453,190.3,189.3
江西,57798,安福,2724,11436,87.1,85.9
江西,57799,吉安县,2703,11455,73.7,71.2
江西,57883,夏坪,2645,11417,257.1,253.0
江西,57891,永新,2656,11415,154.0,153.0
江西,57894,井冈山,2635,11410,848.4,843.0
江西,57895,万安,2628,11447,102.8,101.6
江西,57896,遂川,2620,11430,127.3,126.1
江西,57899,泰和,2648,11455,72.6,71.4
江西,57990,崇义,2542,11418,248.1,246.9
江西,57991,上犹,2548,11433,141.9,140.2
江西,57992,南康,2540,11445,128.2,127.0
江西,57993,赣县,2552,11500,138.7,137.5
江西,57994,大余,2524,11421,216.8,215.6
江西,57995,信丰,2524,11456,165.4,164.2
江西,58502,九江,2944,11600,37.1,36.1
江西,58503,瑞昌,2942,11540,42.4,41.2
江西,58506,庐山,2935,11559,1165.4,1164.5
江西,58507,武宁,2915,11507,117.1,116.0
江西,58508,德安,2920,11546,42.5,41.3
江西,58509,永修,2903,11549,37.8,36.6
江西,58510,湖口,2944,11614,41.3,40.1
江西,58512,彭泽,2954,11633,72.5,71.3
江西,58514,星子,2927,11603,38.3,37.1
江西,58517,都昌,2916,11612,36.7,35.5
江西,58519,波阳,2900,11641,45.3,40.1
江西,58527,景德镇,2918,11712,62.9,61.5
江西,58529,婺源,2916,11751,82.1,80.9
江西,58600,靖安,2852,11522,80.1,78.9
江西,58601,奉新,2842,11523,54.9,53.7
江西,58602,安义,2851,11533,39.8,38.8
江西,58605,高安,2825,11523,48.3,46.8
江西,58606,南昌,2836,11555,47.9,46.9
江西,58607,南昌县,2833,11557,32.9,31.9
江西,58608,樟树,2804,11533,35.4,30.4
江西,58609,丰城,2813,11549,28.2,27.0
江西,58612,余干,2842,11641,22.3,21.1
江西,58614,进贤,2823,11616,35.5,34.2
江西,58615,万年,2841,11705,57.2,56.0
江西,58616,余江,2812,11649,41.9,40.9
江西,58618,东乡,2816,11636,83.6,82.4
江西,58619,临川,2800,11622,50.2,49.3
江西,58620,乐平,2901,11706,52.4,51.2
江西,58622,德兴,2857,11735,89.7,88.5
江西,58623,上饶县,2828,11755,91.6,90.6
江西,58624,弋阳,2824,11726,71.0,70.0
江西,58625,横峰,2825,11736,80.2,79.0
江西,58626,贵溪,2819,11715,57.6,60.8
江西,58627,鹰潭,2815,11702,57.0,55.8
江西,58629,铅山,2817,11742,101.4,100.2
江西,58634,玉山,2841,11815,117.5,116.3
江西,58635,广丰,2826,11812,96.3,95.3
江西,58637,上饶,2827,11759,119.2,118.2
江西,58693,新建,2842,11550,41.2,40.0
江西,58701,新干,2746,11524,47.7,46.5
江西,58704,峡江,2737,11521,54.0,52.8
江西,58705,永丰,2720,11525,86.9,85.7
江西,58706,乐安,2726,11550,183.0,181.8
江西,58707,吉水,2713,11508,67.4,66.2
江西,58710,崇仁,2746,11603,79.8,78.6
江西,58712,金溪,2755,11647,131.0,130.2
江西,58713,资溪,2743,11704,225.8,225.1
江西,58714,宜黄,2733,11614,121.6,120.4
江西,58715,南城,2735,11639,82.0,80.8
江西,58718,南丰,2713,11632,112.5,111.5
江西,58719,黎川,2718,11656,132.1,131.1
江西,58804,兴国,2621,11521,152.2,151.0
江西,58806,宁都,2629,11601,210.3,209.1
江西,58813,广昌,2651,11620,141.5,143.8
江西,58814,石城,2621,11621,248.6,247.4
江西,58903,瑞金,2554,11602,209.2,208.0
江西,58905,于都,2558,11525,134.4,133.2
江西,58906,会昌,2536,11548,168.4,167.4
江西,58907,安远,2509,11524,306.2,305.0
江西,59091,全南,2445,11431,278.2,277.1
江西,59092,龙南,2455,11449,207.5,206.3
江西,59093,定南,2447,11502,254.2,253.0
江西,59102,寻乌,2457,11539,302.6,303.9
江西,58524,浮梁,2922,11713,87.3,87.4
江西,57794,芦溪,2738,11401,173.2,177.2
江西,57783,上栗,2753,11349,117.0,119.5
江西,58505,九江县,2937,11554,57.0,63.1
辽宁,54236,彰武,4223,12233,85.0,79.4
辽宁,54243,昌图,4247,12407,165.8,165.1
辽宁,54244,康平,4245,12320,120.1,118.6
辽宁,54245,法库,4230,12324,99.3,97.8
辽宁,54248,沈北新区,4202,12332,67.8,61.6
辽宁,54249,铁岭,4218,12352,79.4,85.4
辽宁,54252,西丰,4244,12445,198.7,196.1
辽宁,54254,开原,4232,12403,102.9,98.2
辽宁,54259,清原,4204,12452,230.0,224.0
辽宁,54321,建平镇,4152,11938,661.6,661.8
辽宁,54323,北票,4149,12047,253.5,253.8
辽宁,54324,朝阳,4133,12026,175.3,174.3
辽宁,54325,羊山,4111,12021,183.1,183.8
辽宁,54326,建平县,4125,11937,470.1,462.2
辽宁,54327,凌源,4114,11921,421.5,417.1
辽宁,54328,喀左,4105,11943,300.6,296.8
辽宁,54332,辽中,4131,12243,13.9,12.2
辽宁,54333,新民,4158,12251,32.1,30.9
辽宁,54336,台安,4125,12225,13.1,8.3
辽宁,54338,盘山,4117,12157,4.1,3.2
辽宁,54339,鞍山,4105,12300,78.5,77.3
辽宁,54340,苏家屯,4140,12319,47.6,35.8
辽宁,54342,沈阳,4144,12331,49.5,49.0
辽宁,54345,辽阳县,4112,12304,29.6,30.7
辽宁,54346,本溪,4119,12347,186.1,185.4
辽宁,54347,辽阳,4114,12310,25.7,24.8
辽宁,54348,灯塔,4125,12320,36.5,36.8
辽宁,54351,抚顺,4155,12405,116.5,118.5
辽宁,54353,新宾,4144,12503,331.7,328.4
辽宁,54452,建昌,4048,11949,367.8,365.5
辽宁,54453,连山区,4047,12053,43.0,38.5
辽宁,54454,绥中,4020,12018,29.0,29.0
辽宁,54455,兴城,4037,12039,21.5,20.5
辽宁,54470,大洼,4101,12204,6.1,5.5
辽宁,54471,营口,4039,12210,4.6,3.8
辽宁,54474,盖州,4025,12221,27.6,24.8
辽宁,54475,大石桥,4037,12229,15.3,11.5
辽宁,54476,熊岳,4010,12209,37.9,20.4
辽宁,54483,草河口,4053,12354,239.8,233.6
辽宁,54486,岫岩,4017,12317,81.3,79.8
辽宁,54493,宽甸,4043,12447,261.1,260.1
辽宁,54494,凤城,4028,12404,74.4,72.6
辽宁,54497,丹东,4003,12420,13.1,13.8
辽宁,54563,瓦房店,3938,12201,119.0,118.7
辽宁,54568,金州,3904,12145,94.2,90.8
辽宁,54569,普兰店,3925,12157,12.7,11.7
辽宁,54575,皮口,3925,12222,43.1,43.2
辽宁,54579,长海,3916,12235,33.6,35.5
辽宁,54584,庄河,3943,12257,35.9,34.8
辽宁,54590,东港,3953,12410,5.3,4.2
辽宁,54662,大连,3854,12138,92.5,91.5
辽宁,54565,长兴岛,3936,12128,72.0,70.6
内蒙古,50425,额尔古纳市,5015,12011,582.3,581.4
内蒙古,50431,根河市,5047,12131,718.2,717.0
内蒙古,50434,图里河,5029,12141,733.7,732.6
内蒙古,50445,鄂伦春自治旗,5035,12344,424.7,423.7
内蒙古,50514,满洲里,4935,11719,662.7,661.8
内蒙古,50524,陈巴尔虎旗,4919,11926,578.5,576.6
内蒙古,50525,鄂温克族自治旗,4909,11945,621.6,620.8
内蒙古,50526,牙克石市,4917,12042,670.0,668.8
内蒙古,50527,海拉尔,4915,11942,650.4,649.6
内蒙古,50548,小二沟,4912,12343,287.2,286.1
内蒙古,50603,新巴尔虎右旗,4840,11649,556.0,554.2
内蒙古,50618,新巴尔虎左旗,4813,11816,644.6,642.0
内蒙古,50639,扎兰屯,4800,12244,308.5,306.5
内蒙古,50645,莫力达瓦达斡尔族自治旗,4829,12429,196.5,195.0
内蒙古,50647,阿荣旗,4808,12329,237.2,236.2
内蒙古,50727,阿尔山,4710,11956,997.7,997.2
内蒙古,50834,索伦,4636,12113,501.0,499.7
内蒙古,50913,乌拉盖,4543,11850,866.1,865.0
内蒙古,50915,东乌珠穆沁,4531,11658,838.9,838.7
内蒙古,50924,霍林郭勒,4532,11940,824.7,823.7
内蒙古,50928,巴雅尔吐胡硕,4504,12020,629.1,628.3
内蒙古,50934,突泉,4523,12135,312.7,311.7
内蒙古,50937,科尔沁右翼中旗,4504,12129,283.1,282.1
内蒙古,53068,二连浩特,4338,11156,964.1,963.1
内蒙古,53083,那仁宝力格,4437,11409,1182.9,1181.6
内蒙古,53149,满都拉气象站,4232,11008,1226.7,1225.2
内蒙古,53192,阿巴嘎旗,4401,11457,1127.3,1126.1
内蒙古,53231,海力素,4124,10624,1510.6,1509.6
内蒙古,53289,镶黄旗,4214,11350,1322.8,1322.1
内蒙古,53336,乌拉特中旗,4134,10831,1289.2,1288.0
内蒙古,53337,五原,4106,10816,1025.4,1023.7
内蒙古,53348,大佘太,4101,10908,1080.5,1078.7
内蒙古,53352,达茂旗气象局,4142,11026,1376.2,1376.6
内蒙古,53357,固阳县气象局,4102,11003,1362.1,1360.4
内蒙古,53362,四子王,4132,11141,1491.4,1490.1
内蒙古,53367,希拉穆仁,4119,11114,1603.7,1602.3
内蒙古,53368,武川县,4105,11128,1640.2,1637.3
内蒙古,53378,察右中旗,4117,11237,1737.9,1737.3
内蒙古,53384,察右后旗,4127,11311,1424.9,1423.5
内蒙古,53385,商都,4136,11332,1420.9,1420.0
内蒙古,53391,化德,4154,11400,1484.6,1482.7
内蒙古,53419,磴口,4020,10700,1060.4,1055.3
内蒙古,53420,杭锦后旗,4051,10707,1024.9,1024.0
内蒙古,53433,乌拉特前旗,4044,10839,1022.0,1020.4
内蒙古,53446,包头市,4032,10953,1005.9,1004.7
内蒙古,53455,土右旗气象局,4033,11032,1000.9,998.6
内蒙古,53457,达拉特旗,4024,11002,1012.2,1011.0
内蒙古,53463,呼和浩特,4051,11134,1154.4,1153.5
内蒙古,53464,土默特左旗,4043,11110,1047.5,1042.7
内蒙古,53466,呼和浩特郊区站,4045,11142,1046.6,1045.4
内蒙古,53467,托克托县,4016,11111,1017.5,1016.0
内蒙古,53469,和林格尔县,4024,11149,1164.0,1166.7
内蒙古,53472,卓资,4052,11234,1453.2,1451.7
内蒙古,53475,凉城,4031,11228,1272.2,1268.9
内蒙古,53480,集宁,4102,11304,1421.5,1419.3
内蒙古,53481,察右前旗,4048,11313,1317.1,1316.8
内蒙古,53483,兴和,4052,11350,1269.9,1268.7
内蒙古,53484,丰镇,4027,11309,1192.9,1191.5
内蒙古,53512,乌海,3948,10648,1105.8,1105.6
内蒙古,53513,临河,4044,10722,1042.3,1041.1
内蒙古,53522,伊克乌素,4003,10750,1181.4,1180.3
内蒙古,53529,鄂托克旗,3905,10758,1381.7,1381.4
内蒙古,53533,杭锦旗,3949,10843,1414.4,1414.0
内蒙古,53543,东胜,3950,10959,1462.8,1461.9
内蒙古,53545,伊金霍洛旗,3934,10943,1367.3,1367
内蒙古,53553,准格尔旗,3952,11113,1222.9,1221.4
内蒙古,53562,清水河县,3955,11140,1192.2,1187.4
内蒙古,53644,乌审旗,3836,10850,1309.3,1307.2
内蒙古,53730,鄂托克前旗,3811,10729,1335.0,1333.3
内蒙古,53732,河南,3751,10843,1211.5,1209.9
内蒙古,54012,西乌珠穆沁,4435,11736,1002.6,1001.7
内蒙古,54024,富河,4427,11918,710.0,710.0
内蒙古,54026,扎鲁特,4434,12054,265.8,265.0
内蒙古,54027,巴林左旗,4359,11924,487.2,486.2
内蒙古,54031,高力板,4454,12149,201.1,198.3
内蒙古,54039,舍伯吐,4402,12201,182.7,181.6
内蒙古,54047,科左中旗,4408,12317,146.9,145.8
内蒙古,54102,锡林浩特,4357,11607,1003.8,1003.0
内蒙古,54113,巴林右旗,4332,11839,622.5,621.4
内蒙古,54115,林西县,4338,11802,825.4,825.0
内蒙古,54117,克什克腾旗,4315,11732,1004.4,1003.3
内蒙古,54122,阿鲁科尔沁旗,4353,12003,376.0,374.9
内蒙古,54132,青龙山,4224,12104,400.6,400.0
内蒙古,54134,开鲁,4336,12117,242.3,241.0
内蒙古,54135,通辽,4336,12216,180.1,178.7
内蒙古,54204,正镶白旗,4218,11500,1347.8,1346.3
内蒙古,54205,正蓝旗,4214,11600,1316.6,1315.5
内蒙古,54208,多伦县,4211,11628,1247.0,1245.4
内蒙古,54213,翁牛特旗,4256,11901,635.7,634.3
内蒙古,54214,岗子,4235,11825,961.3,960.0
内蒙古,54218,赤峰,4218,11850,669.0,668.6
内蒙古,54223,奈曼,4251,12039,364.0,362.9
内蒙古,54225,敖汉旗,4218,11957,580.3,579.4
内蒙古,54226,宝国吐,4220,12042,402.0,400.5
内蒙古,54231,科左后旗,4258,12221,249.3,248.1
内蒙古,54234,库伦,4244,12145,298.9,297.8
内蒙古,54305,太仆寺旗,4153,11516,1470.0,1468.9
内蒙古,54313,喀喇沁旗,4156,11842,734.8,733.7
内蒙古,54316,八里罕,4131,11845,680.7,679.3
内蒙古,54320,宁城县,4136,11918,545.3,544.2
宁夏,53517,石炭井,3916,10620,1466.4,1464.5
宁夏,53518,石嘴山,3902,10621,1118.7,1117.7
宁夏,53519,惠农,3913,10646,1093.1,1092.5
宁夏,53603,沙湖,3850,10622,1096.0,1095.0
宁夏,53610,贺兰,3834,10621,1107.0,1106.2
宁夏,53611,平罗,3853,10633,1099.4,1098.7
宁夏,53612,吴忠,3759,10611,1132.2,1128.8
宁夏,53614,银川,3828,10612,1111.6,1110.9
宁夏,53615,陶乐,3848,10642,1102.9,1101.6
宁夏,53617,青铜峡,3802,10605,1119.2,1118.0
宁夏,53618,永宁,3817,10615,1115.5,1113.7
宁夏,53619,灵武,3807,10618,1117.3,1115.9
宁夏,53704,中卫,3732,10511,1226.6,1225.7
宁夏,53705,中宁,3729,10541,1184.4,1183.4
宁夏,53707,兴仁,3656,10515,1699.0,1697.9
宁夏,53723,盐池,3748,10723,1350.4,1349.3
宁夏,53727,麻黄山,3710,10707,1713.5,1712.5
宁夏,53806,海原,3634,10539,1854.8,1854.2
宁夏,53810,同心,3658,10554,1340.7,1339.3
宁夏,53817,固原,3600,10616,1754.2,1753.0
宁夏,53881,韦州,3717,10629,1382.9,1382.2
宁夏,53903,西吉,3558,10543,1917.9,1916.5
宁夏,53910,六盘山,3540,10612,2839.1,2841.2
宁夏,53914,隆德,3537,10607,2079.5,2078.6
宁夏,53916,泾源,3530,10619,1949.1,1948.6
青海,52602,冷湖,3845,9320,2770.8,2770.0
青海,52707,小灶火,3648,9341,2767.8,2767.0
青海,52818,格尔木,3625,9455,2808.4,2807.6
青海,52825,诺木洪,3626,9626,2791.2,2790.4
青海,52836,都兰,3618,9806,3189.8,3189.0
青海,52854,青海湖151,3635,10029,3201.6,3200.8
青海,52856,共和,3616,10037,2835.8,2835.0
青海,52863,互助,3649,10157,2480.8,2480.0
青海,52866,西宁,3644,10145,2296.0,2295.2
青海,52868,贵德,3601,10122,2273.8,2273.0
青海,52869,湟中,3630,10135,2668.3,2667.5
青海,52875,平安,3630,10206,2125.8,2125.0
青海,52876,民和,3620,10250,1814.7,1813.9
青海,52877,化隆,3606,10215,2835.5,2834.7
青海,52908,五道梁,3513,9305,4613.0,4612.2
青海,52941,沙珠玉,3616,10016,2872.8,2872.0
青海,52943,兴海,3535,9959,3324.0,3323.2
青海,52955,贵南,3535,10044,3120.8,3120.0
青海,52957,同德,3515,10036,3149.0,3148.2
青海,52963,尖扎,3556,10201,2086.5,2085.7
青海,52968,泽库,3502,10128,3663.6,3662.8
青海,52972,循化,3551,10227,1921.8,1921
青海,52974,同仁,3531,10201,2492.2,2491.4
青海,56004,沱沱河,3413,9226,4533.9,4533.1
青海,56016,治多,3351,9537,4179.9,4179.1
青海,56018,杂多,3253,9517,4067.2,4066.4
青海,56021,曲麻莱,3407,9548,4175.8,4175.0
青海,56029,玉树,3300,9658,3717.7,3716.9
青海,56033,玛多,3455,9813,4273.1,4272.3
青海,56034,清水河,3348,9708,4416.2,4415.4
青海,56043,玛沁,3429,10014,3719.8,3719.0
青海,56045,甘德,3358,9954,4050.8,4050.0
青海,56046,达日,3345,9939,3968.3,3967.5
青海,56065,河南,3444,10136,3500.8,3500.0
青海,56067,久治,3326,10129,3629.3,3628.5
青海,56125,囊谦,3212,9628,3644.5,3643.7
青海,56151,班玛,3256,10045,3530.8,3530.0
山东,54709,武城,3713,11604,26.9,25.7
山东,54712,临邑,3712,11649,19.7,18.5
山东,54714,德州,3727,11620,24.8,23.6
山东,54715,陵县,3719,11634,22.8,18.6
山东,54716,宁津,3740,11648,17.5,16.3
山东,54722,无棣,3745,11738,8,6.8
山东,54723,阳信,3739,11734,11.2,10.1
山东,54724,商河,3719,11708,15.9,14.8
山东,54725,惠民,3730,11732,12.9,11.7
山东,54726,乐陵,3742,11711,12.7,11.5
山东,54727,章丘,3641,11733,123,121.8
山东,54728,庆云,3746,11723,9.6,8.4
山东,54729,高青,3710,11752,12.5,11.5
山东,54734,滨州,3721,11800,13.4,12.2
山东,54736,东营,3726,11840,9.2,6.0
山东,54744,垦利,3735,11833,9.8,8.5
山东,54749,莱州,3711,11957,48.9,48.4
山东,54751,长岛,3756,12044,43.0,39.7
山东,54752,蓬莱,3748,12046,61.8,60.7
山东,54753,龙口,3738,12020,5.7,4.8
山东,54755,招远,3720,12023,118.7,117.8
山东,54759,栖霞,3719,12051,190.1,205.5
山东,54764,福山,3729,12114,55.2,53.9
山东,54765,烟台,3729,12126,83.0,82.0
山东,54776,成山头,3724,12242,46.4,47.7
山东,54777,文登,3712,12204,119.2,118.0
山东,54802,临清,3649,11544,34.9,34.0
山东,54806,聊城,3625,11558,34.3,33.0
山东,54807,阳谷,3609,11546,42.5,41.2
山东,54808,莘县,3614,11538,39.1,37.8
山东,54812,齐河,3647,11645,23.9,22.7
山东,54814,茌平,3632,11615,30.9,29.7
山东,54815,东阿,3623,11616,32.6,31.4
山东,54816,长清,3631,11648,100.1,98.9
山东,54818,平阴,3615,11625,81.0,79.9
山东,54819,肥城,3611,11648,114.9,113.6
山东,54821,济阳,3700,11712,21.6,20.4
山东,54822,邹平,3652,11744,48.6,47.4
山东,54823,济南,3636,11700,171.2,170.3
山东,54824,淄川,3638,11757,95.3,95.0
山东,54825,博山,3631,11751,190.9,189.7
山东,54826,泰山,3615,11706,1536.5,1533.7
山东,54827,泰安,3610,11709,129.8,128.6
山东,54828,莱芜,3614,11741,228.6,229.3
山东,54829,周村,3646,11752,86.7,85.7
山东,54830,淄博,3649,11756,35.3,34.4
山东,54831,青州,3639,11830,103.7,102.5
山东,54832,寿光,3653,11844,27.0,25.8
山东,54833,桓台,3658,11805,16.3,15.1
山东,54834,临淄,3652,11817,47.3,46.3
山东,54835,临朐,3630,11833,110.6,106.5
山东,54836,沂源,3611,11810,303.7,305.1
山东,54837,昌乐,3641,11850,80.0,78.8
山东,54841,昌邑,3652,11925,24.7,23.5
山东,54842,平度,3647,12000,63.3,62.2
山东,54843,潍坊,3645,11912,22.5,22.2
山东,54844,安丘,3625,11911,67.5,62.7
山东,54846,高密,3623,11944,52.7,51.5
山东,54848,诸城,3559,11925,81.8,82.6
山东,54849,胶州,3613,12002,83.9,84.4
山东,54851,莱西,3654,12034,77.8,76.9
山东,54852,莱阳,3658,12044,53.6,54.4
山东,54853,崂山,3610,12025,43.7,42.6
山东,54855,即墨,3623,12028,30.2,26.2
山东,54857,青岛,3604,12020,75.3,76.0
山东,54861,乳山,3656,12132,47.8,45.4
山东,54863,海阳,3647,12111,42.0,40.9
山东,54871,石岛,3656,12229,9.1,9.8
山东,54904,鄄城,3535,11531,51.5,50.1
山东,54905,郓城,3535,11556,47.4,46.2
山东,54906,菏泽,3515,11525,51.1,49.9
山东,54907,鱼台,3459,11639,35.4,34.3
山东,54908,东明,3516,11506,58.2,57.3
山东,54909,定陶,3505,11531,51.7,51.5
山东,54910,梁山,3549,11603,42.0,40.9
山东,54911,东平,3556,11624,44.2,44
山东,54912,汶上,3546,11630,42.9,41.8
山东,54913,宁阳,3545,11649,63.4,62.2
山东,54914,巨野,3525,11605,41.8,40.6
山东,54915,济宁,3526,11636,34.3,33.3
山东,54916,兖州,3534,11651,60.1,51.7
山东,54917,金乡,3506,11619,37.8,36.7
山东,54918,曲阜,3536,11658,63.4,62.3
山东,54919,邹城,3523,11659,89.7,88.7
山东,54920,泗水,3539,11717,111.5,110.4
山东,54921,嘉祥,3525,11620,39.6,38.1
山东,54922,新泰,3553,11747,225.2,224.0
山东,54923,蒙阴,3543,11756,203.4,202.2
山东,54925,平邑,3531,11738,168.4,167.2
山东,54927,滕州,3506,11712,76.1,74.9
山东,54929,费县,3516,11758,120.6,121.2
山东,54932,沂水,3546,11839,187.8,186.7
山东,54935,沂南,3532,11826,120.6,119.4
山东,54936,莒县,3534,11850,108.4,107.4
山东,54938,临沂,3503,11824,66.4,65.2
山东,54939,莒南,3510,11849,115.0,113.8
山东,54940,五莲,3545,11912,146.4,148.2
山东,54943,黄岛,3553,12000,11.9,10.4
山东,54945,日照,3526,11932,37.1,36.9
山东,58002,曹县,3451,11535,50.2,49.0
山东,58003,成武,3457,11553,46.6,45.4
山东,58011,单县,3448,11604,47.4,46.2
山东,58020,微山,3448,11708,36.2,35.1
山东,58021,薛城,3447,11717,81.7,80.5
山东,58022,峄城,3445,11734,49.5,48.3
山东,58024,枣庄,3452,11735,78.5,77.7
山东,58025,台儿庄,3434,11744,28.8,27.6
山东,58030,苍山,3453,11801,45.7,44.5
山东,58032,临沭,3456,11839,71.3,70.1
山西,53478,右玉,4000,11227,1346.7,1345.8
山西,53486,阳高,4022,11346,1051.2,1050.3
山西,53487,大同,4005,11325,1053.6,1052.6
山西,53488,大同县,4002,11335,1035.4,1034.3
山西,53490,天镇,4026,11403,1015.7,1014.7
山西,53564,河曲,3923,11109,862.5,861.5
山西,53565,偏关,3926,11130,1050.8,1051.7
山西,53573,左云,4000,11242,1337.7,1336.3
山西,53574,平鲁,3931,11216,1408.6,1409.4
山西,53575,神池,3906,11212,1526.2,1525.4
山西,53576,山阴,3930,11249,1045.9,1045.0
山西,53577,宁武,3900,11218,1438.7,1437.4
山西,53578,朔州,3922,11226,1115.7,1114.8
山西,53579,代县,3901,11254,860.6,859.7
山西,53582,浑源,3943,11340,1080.7,1079.2
山西,53584,应县,3934,11310,1001.9,1000.7
山西,53585,繁峙,3910,11316,935.2,933.9
山西,53588,五台山,3857,11331,2209.3,2208.3
山西,53590,广灵,3945,11416,979.4,977.8
山西,53594,灵丘,3927,11411,939.7,938.7
山西,53659,临县,3758,11100,1164.1,1163.3
山西,53660,保德,3901,11105,893.5,894.4
山西,53662,岢岚,3843,11135,1397.7,1396.7
山西,53663,五寨,3855,11149,1402.0,1401.0
山西,53664,兴县,3828,11108,1013.6,1012.6
山西,53665,岚县,3817,11139,1186.0,1185.1
山西,53666,静乐,3821,11156,1214.1,1212.2
山西,53669,娄烦,3805,11148,1151.5,1150.3
山西,53673,原平,3844,11243,829.60,828.2
山西,53674,忻府区,3824,11242,870.7,869.9
山西,53676,定襄,3830,11259,760.9,759.4
山西,53677,尖草坪,3756,11229,807.4,806.5
山西,53678,阳曲,3804,11239,902.1,897.1
山西,53679,小店区,3745,11233,777.2,776.2
山西,53681,五台县豆村,3850,11322,1097.7,1096.2
山西,53685,盂县,3804,11325,953.8,953.2
山西,53687,平定,3747,11338,753.8,753.0
山西,53753,柳林,3726,11053,861.0,860.1
山西,53759,石楼,3659,11050,1110.7,1109.1
山西,53760,方山,3753,11114,1213.3,1212.4
山西,53763,古交,3755,11210,1008.0,1006.8
山西,53764,离石,3730,11106,951.7,950.8
山西,53767,中阳,3720,11110,1212.2,1213.1
山西,53768,孝义,3709,11145,774.3,773.4
山西,53769,汾阳,3715,11147,749.1,747.7
山西,53770,祁县,3721,11221,769.9,768.8
山西,53771,文水,3725,11203,751.3,750.0
山西,53772,太原,3737,11235,777.3,776.3
山西,53774,清徐,3735,11222,760.9,759.9
山西,53775,太谷,3725,11236,786.7,785.8
山西,53776,榆次,3741,11246,831.5,831.2
山西,53777,交城,3732,11209,760.2,759.3
山西,53778,平遥,3710,11213,780.9,780.3
山西,53780,寿阳,3754,11309,1067.6,1066.1
山西,53782,阳泉,3756,11337,768.9,767.2
山西,53783,昔阳,3736,11342,880.3,876.2
山西,53786,左权,3705,11320,1154.0,1152.5
山西,53787,榆社,3704,11259,1042.3,1041.4
山西,53788,和顺,3720,11334,1267.0,1265.7
山西,53852,永和,3646,11038,917.5,916.6
山西,53853,隰县,3642,11057,1053.6,1052.7
山西,53856,大宁,3628,11045,766.8,765.9
山西,53859,吉县,3606,11040,852.3,851.3
山西,53860,交口,3659,11110,1407.2,1406.7
山西,53861,襄汾,3553,11123,460.5,463.5
山西,53862,灵石,3651,11148,812.5,811.7
山西,53863,介休,3702,11155,745.4,743.9
山西,53864,蒲县,3624,11106,1031.1,1030.6
山西,53865,汾西,3639,11133,1013.1,1011.9
山西,53866,洪洞,3614,11140,464.1,462.8
山西,53868,临汾,3604,11130,450.4,449.5
山西,53869,霍州,3635,11142,551.2,550.0
山西,53871,武乡,3650,11251,965.8,964.1
山西,53872,沁县,3646,11241,961.6,960.7
山西,53873,长子,3606,11252,952.5,951.1
山西,53874,古县,3615,11154,650.0,648.7
山西,53875,沁源,3631,11221,1001.0,1000.0
山西,53877,安泽,3610,11215,861.0,860.1
山西,53878,黎城,3631,11323,769.1,767.9
山西,53879,屯留,3619,11253,953.2,952.3
山西,53880,潞城,3620,11314,948.9,947.6
山西,53882,长治,3604,11302,1047.9,1046.9
山西,53884,襄垣,3631,11302,878.8,877.9
山西,53885,壶关,3607,11312,1123.2,1122.0
山西,53888,平顺,3612,11326,1088.6,1089.2
山西,53953,乡宁,3558,11051,966.2,965.3
山西,53954,稷山,3537,11058,433.5,433.5
山西,53956,万荣,3524,11050,589.6,588.4
山西,53957,河津,3537,11043,460.0,459.2
山西,53958,临猗,3510,11047,436.7,435.6
山西,53959,盐湖,3503,11103,366.7,365.0
山西,53961,曲沃,3539,11129,473.4,472.6
山西,53962,翼城,3544,11142,585.3,584.5
山西,53963,侯马,3539,11122,435.1,433.8
山西,53964,新绛,3537,11113,431.8,430.8
山西,53965,绛县,3531,11134,761.9,761.0
山西,53966,浮山,3559,11150,818.1,817.2
山西,53967,闻喜,3520,11112,469.8,468.3
山西,53968,垣曲,3517,11140,505.9,505
山西,53970,沁水,3542,11212,887.1,887.3
山西,53973,高平,3546,11257,836.6,837.3
山西,53975,阳城,3529,11224,661.1,659.5
山西,53976,晋城,3530,11252,753.6,752.6
山西,53981,陵川,3547,11316,1313.2,1311.6
山西,57052,永济,3453,11027,355.1,354.1
山西,57053,芮城,3442,11043,507.1,505.7
山西,57060,夏县,3510,11114,404.2,402.9
山西,57061,平陆,3450,11112,412.6,410.7
陕西,53567,府谷,3901,11100,1025.1,1024.3
陕西,53646,榆林,3816,10947,1157.8,1157.0
陕西,53651,神木,3849,11028,1099.1,1098.0
陕西,53658,佳县,3802,11029,895.4,894.4
陕西,53725,定边,3735,10735,1361.2,1360.3
陕西,53735,靖边,3737,10848,1337.8,1336.7
陕西,53738,吴旗,3655,10810,1331.1,1331.4
陕西,53740,横山,3756,10914,1107.5,1111.0
陕西,53748,子长,3711,10942,1064.4,1063.3
陕西,53750,米脂,3746,11011,931.6,931.0
陕西,53751,子洲,3736,11003,895.8,894.6
陕西,53754,绥德,3730,11013,930.7,929.7
陕西,53756,吴堡,3731,11043,745.0,744.0
陕西,53757,清涧,3707,11007,938.8,938.0
陕西,53832,志丹,3646,10846,1220.0,1218.8
陕西,53841,安塞,3653,10919,1069.1,1068.3
陕西,53848,甘泉,3616,10921,1005.4,1005.5
陕西,53850,延川,3653,11011,805.7,804.9
陕西,53854,延长,3635,11004,805.5,804.8
陕西,53857,宜川,3604,11011,841.1,840.3
陕西,53929,长武,3512,10748,1206.8,1206.5
陕西,53931,富县,3600,10922,984.8,984.0
陕西,53938,旬邑,3510,10818,1277.9,1277.0
陕西,53941,白水,3511,10935,807.1,804.4
陕西,53942,洛川,3546,10925,1156.9,1155.9
陕西,53944,黄陵,3534,10915,857.3,863.0
陕西,53945,宜君,3526,10904,1394.4,1395.2
陕西,53946,黄龙,3536,10949,1091.0,1091.0
陕西,53947,铜川,3505,10904,979.7,978.9
陕西,53948,蒲城,3457,10935,499.9,499.2
陕西,53949,澄城,3511,10955,680.4,679.1
陕西,53950,合阳,3514,11009,709.9,708.8
陕西,57003,陇县,3454,10650,925.1,924.2
陕西,57016,宝鸡,3421,10708,613.7,612.4
陕西,57020,宝鸡县,3422,10724,564.3,563.0
陕西,57021,千阳,3439,10708,751.5,751.6
陕西,57022,麟游,3441,10747,1026.4,1026.3
陕西,57023,彬县,3501,10807,920.6,919.9
陕西,57024,岐山,3427,10739,671.1,669.6
陕西,57025,凤翔,3431,10723,782.0,781.1
陕西,57026,扶风,3422,10753,586.9,585.9
陕西,57027,眉县,3416,10744,518.4,517.6
陕西,57028,太白,3402,10719,1544.4,1543.6
陕西,57029,礼泉,3430,10829,544.4,543.2
陕西,57030,永寿,3442,10809,995.4,994.6
陕西,57031,淳化,3449,10833,1013.5,1012.7
陕西,57033,泾阳,3433,10849,429.0,428.1
陕西,57034,武功,3415,10813,449.2,447.8
陕西,57035,乾县,3433,10814,636.7,636.8
陕西,57037,耀县,3456,10859,711.8,710.0
陕西,57038,兴平,3417,10827,411.5,410.9
陕西,57041,三原,3438,10855,425.5,424.0
陕西,57042,富平,3447,10911,472.3,470.9
陕西,57043,大荔,3448,10958,352.3,351.4
陕西,57045,渭南,3431,10929,354.3,349.8
陕西,57046,华山,3429,11005,2057.9,2064.9
陕西,57048,秦都,3424,10843,473.4,472.8
陕西,57054,潼关,3433,11014,557.1,556.3
陕西,57055,华阴,3433,11005,352.5,351.3
陕西,57057,洛南,3406,11009,964.2,963.4
陕西,57106,略阳,3319,10609,797.3,794.2
陕西,57113,凤县,3354,10632,986.7,985.9
陕西,57119,勉县,3310,10642,552.2,548.1
陕西,57123,杨凌,3417,10804,506.8,506.0
陕西,57124,留坝,3338,10656,1033.3,1032.1
陕西,57127,汉中,3304,10702,510.7,509.5
陕西,57128,城固,3310,10720,487.0,486.4
陕西,57131,泾河,3426,10858,411.0,410.0
陕西,57134,佛坪,3331,10759,827.9,827.2
陕西,57137,宁陕,3319,10819,802.0,802.4
陕西,57140,柞水,3340,10907,819.4,818.2
陕西,57143,商县,3352,10958,743.8,742.2
陕西,57144,镇安,3326,10909,696.2,693.7
陕西,57153,丹凤,3341,11020,582.5,581.7
陕西,57154,商南,3332,11054,523.8,523.0
陕西,57155,山阳,3333,10952,661.0,660.2
陕西,57211,宁强,3250,10615,837.1,836.1
陕西,57213,南郑,3300,10656,537.5,536.5
陕西,57231,紫阳,3232,10832,505.0,503.8
陕西,57232,石泉,3303,10816,485.0,484.9
陕西,57233,汉阴,3254,10830,414.3,413.1
陕西,57238,镇巴,3232,10754,695.1,693.9
陕西,57242,旬阳,3251,10922,286.5,285.5
陕西,57245,安康,3243,10902,291.7,290.8
陕西,57247,岚皋,3219,10854,439.5,438.5
陕西,57248,平利,3224,10920,430.0,431.0
陕西,57254,白河,3249,11007,323.7,322.5
陕西,57343,镇坪,3154,10932,994.6,995.8
上海,58361,闵行,3106,12122,10.2,5.5
上海,58362,宝山,3124,12127,6.7,5.5
上海,58365,嘉定,3122,12115,9.2,4.4
上海,58366,崇明,3140,12130,5.8,4.3
上海,58367,徐家汇,3112,12126,8.6,4.6
上海,58369,南汇,3103,12147,6.2,5.0
上海,58370,浦东,3114,12132,8.1,4.4
上海,58460,金山,3044,12121,6.2,5.2
上海,58461,青浦,3108,12107,8.5,4.0
上海,58462,松江,3102,12114,9.1,4.2
上海,58463,奉贤,3053,12130,9.5,4.6
四川,56038,石渠,3259,9806,4201.0,4200.0
四川,56079,若尔盖,3335,10258,3442.6,3441.4
四川,56097,九寨沟,3316,10415,1441.7,1440.5
四川,56144,德格,3148,9835,3185.0,3184.0
四川,56146,甘孜,3137,10000,3394.6,3393.5
四川,56147,白玉,3113,9850,3261.3,3260.0
四川,56152,色达,3217,10020,3895.8,3893.9
四川,56158,炉霍,3124,10040,3251.4,3250.0
四川,56164,壤塘,3216,10059,3286.0,3284.8
四川,56167,道孚,3059,10107,2959.2,2957.2
四川,56168,金川,3129,10204,2170.1,2168.9
四川,56171,阿坝,3254,10142,3276.3,3275.1
四川,56172,马尔康,3154,10214,2666.3,2664.4
四川,56173,红原,3248,10233,3492.8,3491.6
四川,56178,小金,3100,10221,2439.2,2438
四川,56180,茂县,3141,10351,1591.3,1590.1
四川,56181,崇州,3041,10342,543.3,541.7
四川,56182,松潘,3240,10336,2882.5,2881.3
四川,56183,汶川,3130,10337,1371.3,1370.1
四川,56184,理县,3126,10310,1897.9,1896.7
四川,56185,黑水,3205,10259,2401.3,2400.1
四川,56186,绵竹,3120,10412,590.2,589.0
四川,56187,温江,3045,10352,548.9,547.7
四川,56188,都江堰,3100,10340,699.7,698.5
四川,56189,彭州,3059,10356,582.9,581.7
四川,56197,什邡,3109,10410,536.8,535.7
四川,56198,德阳,3119,10430,526.7,525.7
四川,56199,中江,3102,10441,424.7,423.5
四川,56247,巴塘,3000,9906,2590.2,2589.2
四川,56251,新龙,3056,10019,2999.2,3000.0
四川,56257,理塘,3000,10016,3950.5,3948.9
四川,56263,丹巴,3053,10153,1951.0,1949.7
四川,56267,雅江,3002,10101,2602.2,2600.9
四川,56272,郫县,3049,10353,559.7,558.5
四川,56273,宝兴,3023,10249,1023.2,1022.0
四川,56276,新津,3027,10349,468.2,467.0
四川,56278,天全,3004,10246,758.0,755.8
四川,56279,芦山,3009,10256,683.9,682.7
四川,56280,名山,3005,10307,692.4,691.3
四川,56281,蒲江,3011,10330,512.0,510.8
四川,56284,邛崃,3027,10326,519.5,518.5
四川,56285,大邑,3036,10331,525.3,523.9
四川,56286,龙泉驿,3033,10415,516.3,515.1
四川,56288,双流,3035,10355,495.8,494.6
四川,56289,彭山,3012,10352,438.2,437.0
四川,56290,新都,3047,10411,515.7,514.5
四川,56296,金堂,3051,10426,449.5,448.4
四川,56297,仁寿,3001,10409,437.7,436.5
四川,56298,资阳,3008,10436,417.9,417.0
四川,56357,稻城,2903,10018,3728.6,3727.7
四川,56371,泸定,2955,10214,1322.4,1321.2
四川,56373,荥经,2947,10251,763.7,763.2
四川,56374,康定,3003,10158,2615.5,2615.7
四川,56376,汉源,2921,10238,1098.7,1098.0
四川,56378,石棉,2914,10221,891.9,890.7
四川,56380,洪雅,2953,10321,572.4,571.2
四川,56381,丹棱,3004,10330,631.4,630.2
四川,56382,夹江,2944,10336,408.3,407.1
四川,56383,青神,2950,10352,456.4,455.2
四川,56384,峨眉,2936,10329,447.9,446.7
四川,56385,峨眉山,2931,10320,3048.3,3047.4
四川,56386,乐山,2934,10345,425.2,424.2
四川,56387,峨边,2914,10316,643.4,642.2
四川,56389,犍为,2912,10357,388.8,387.6
四川,56390,井研,2940,10404,405.6,404.4
四川,56391,眉山,3005,10349,416.6,415.4
四川,56393,资中,2946,10451,370.9,369.4
四川,56394,荣县,2927,10426,385.3,384.1
四川,56395,威远,2931,10440,349.5,351.1
四川,56396,自贡,2921,10446,353.8,352.6
四川,56399,富顺,2911,10459,307.4,306.2
四川,56441,得荣,2843,9917,2424.1,2422.9
四川,56443,乡城,2856,9948,2843.1,2842.0
四川,56459,木里,2756,10116,2424.6,2426.5
四川,56462,九龙,2900,10130,2931.4,2925.0
四川,56473,甘洛,2857,10246,1061.5,1060.3
四川,56474,冕宁,2833,10210,1775.2,1774.0
四川,56475,越西,2839,10231,1660.1,1659.5
四川,56478,喜德,2818,10226,1819.3,1818.1
四川,56479,昭觉,2800,10251,2133.7,2132.4
四川,56480,马边,2849,10332,565.2,564.1
四川,56485,雷波,2816,10335,1254.8,1255.8
四川,56487,美姑,2820,10308,1945.1,1943.9
四川,56490,沐川,2857,10354,425.2,424.0
四川,56491,宜宾县,2842,10434,288.2,287.0
四川,56492,宜宾,2848,10436,342.1,340.8
四川,56493,南溪,2851,10458,294,292.8
四川,56494,屏山,2839,10409,463.2,462.0
四川,56496,兴文,2819,10514,330.0,358.2
四川,56498,筠连,2809,10430,550.2,549.0
四川,56499,珙县,2823,10447,369.4,368.2
四川,56565,盐源,2726,10131,2545.0,2545.0
四川,56569,德昌,2725,10211,1381.2,1380.0
四川,56571,西昌,2754,10216,1592.7,1590.9
四川,56575,普格,2722,10233,1429.2,1428.0
四川,56578,宁南,2704,10245,994.8,993.6
四川,56580,布拖,2743,10248,2461.5,2460.0
四川,56584,金阳,2742,10315,1093.7,1093.0
四川,56592,高县,2826,10431,360.9,359.7
四川,56593,长宁,2835,10455,281.9,279.1
四川,56665,盐边,2641,10151,1141.5,1140.3
四川,56666,攀枝花,2635,10143,1225.9,1224.8
四川,56670,米易,2655,10207,1138.3,1136.9
四川,56671,会理,2639,10215,1788.6,1787.3
四川,56674,仁和,2630,10144,1109.1,1108.0
四川,56675,会东,2639,10235,1695.7,1694.5
四川,57204,青川,3234,10513,783.2,782.0
四川,57206,广元,3226,10551,513.5,513.8
四川,57208,剑阁,3217,10531,545.7,544.5
四川,57216,南江,3221,10650,580.5,579.3
四川,57217,旺苍,3214,10617,486.9,485.7
四川,57237,万源,3204,10802,675.0,674.0
四川,57303,苍溪,3144,10555,461.1,459.9
四川,57306,阆中,3135,10558,385.4,382.6
四川,57307,三台,3106,10505,406.1,404.9
四川,57308,盐亭,3113,10523,422.5,421.3
四川,57309,西充,3059,10553,379.4,378.4
四川,57313,巴中,3152,10646,419.0,417.7
四川,57314,南部,3121,10604,406.9,405.7
四川,57315,仪陇,3132,10624,656.8,655.7
四川,57317,蓬安,3102,10625,326.1,324.9
四川,57318,营山,3104,10633,339.7,338.5
四川,57320,通江,3156,10713,483.1,482.4
四川,57324,平昌,3135,10705,365.1,364.2
四川,57326,宣汉,3122,10743,390.5,389.4
四川,57328,达川,3112,10730,344.4,344.9
四川,57329,开江,3106,10751,468.5,467.5
四川,57401,射洪,3052,10522,384.3,383.3
四川,57402,蓬溪,3046,10542,395.5,394.5
四川,57405,遂宁,3030,10533,355.3,355.0
四川,57407,乐至,3017,10502,463.8,462.6
四川,57408,安岳,3007,10521,339.6,338.4
四川,57411,高坪,3047,10606,311.0,309.7
四川,57413,渠县,3051,10658,296.2,295.1
四川,57414,岳池,3031,10627,404.9,403.7
四川,57415,广安,3032,10638,395.5,394.5
四川,57416,邻水,3020,10656,392.5,391.5
四川,57417,武胜,3021,10617,317.1,315.9
四川,57420,大竹,3045,10711,419.0,418.0
四川,57503,东兴区,2937,10507,351.4,349.7
四川,57507,隆昌,2920,10518,386.9,385.7
四川,57508,泸县,2909,10522,295.0,301.0
四川,57600,江安,2843,10504,421.8,420.9
四川,57603,合江,2849,10550,284.4,283.4
四川,57608,叙永,2810,10526,378.6,377.5
天津,54428,蓟县,4002,11724,16.9,15.7
天津,54523,武清,3923,11701,5.7,4.5
天津,54525,宝坻,3944,11717,6.3,5.1
天津,54526,东丽区,3905,11720,2.6,1.9
天津,54527,天津,3905,11703,4.3,3.5
天津,54528,北辰区,3914,11708,4.6,3.4
天津,54529,宁河,3921,11749,5.1,3.9
天津,54530,汉沽区,3914,11746,2.5,1.3
天津,54619,静海,3855,11655,6.7,5.5
天津,54622,津南区,3859,11722,3.9,3.7
天津,54623,塘沽,3903,11743,5.7,4.8
天津,54645,大港,3851,11728,3.4,2.2
西藏,55228,狮泉河,3230,8005,4279.8,4278.6
西藏,55248,改则,3209,8425,4416.1,4414.9
西藏,55299,那曲,3129,9204,4508.2,4507.0
西藏,55437,普兰,3017,8115,3901.2,3900.0
西藏,55493,当雄,3029,9106,4201.2,4200.0
西藏,55569,拉孜,2905,8736,4001.2,4000.0
西藏,55572,南木林,2941,8906,4001.3,4000.0
西藏,55593,墨竹工卡,2951,9144,3805.1,3804.0
西藏,55597,琼结,2902,9141,3741.2,3740.0
西藏,55598,泽当,2916,9146,3561.5,3560.0
西藏,55655,聂拉木,2811,8558,3811.2,3810.0
西藏,55664,定日,2838,8705,4301.2,4300.0
西藏,55680,江孜,2855,8936,4041.2,4040.0
西藏,56116,丁青,3125,9536,3874.3,3873.1
西藏,56128,类乌齐,3113,9636,3811.2,3810.0
西藏,56137,昌都,3109,9710,3316.2,3315.0
西藏,56223,洛隆,3045,9550,3641.2,3640.0
西藏,56227,波密,2952,9546,2737.2,2736.0
西藏,56228,八宿,3003,9655,3261.0,3260.0
西藏,56312,林芝,2940,9420,2993.0,2991.8
西藏,56317,米林,2913,9413,2951.2,2950.0
西藏,56331,左贡,2940,9750,3781.2,3780.0
西藏,56434,察隅,2839,9728,2328.8,2327.6
新疆,51053,哈巴河,4803,8624,533.7,532.6
新疆,51058,阿克达拉,4706,8758,564.3,563.3
新疆,51060,布尔津,4742,8652,475.6,473.9
新疆,51068,福海,4707,8728,502.7,500.9
新疆,51076,阿勒泰,4744,8805,736.5,735.3
新疆,51087,富蕴,4659,8931,809.7,807.5
新疆,51133,塔城,4644,8300,536.0,534.9
新疆,51137,裕民,4612,8256,715.7,715.4
新疆,51145,额敏,4633,8339,523.6,521.6
新疆,51156,和布克赛尔,4647,8543,1294.2,1291.6
新疆,51232,阿拉山口,4511,8234,337.1,336.1
新疆,51238,博乐,4454,8204,533.2,532.2
新疆,51241,托里,4556,8336,1077.1,1077.8
新疆,51243,克拉玛依,4537,8451,450.7,449.5
新疆,51334,精河,4434,8249,330.2,329.2
新疆,51357,沙湾,4420,8537,524.3,522.2
新疆,51359,玛纳斯,4419,8612,473.6,471.4
新疆,51367,呼图壁,4410,8651,576.2,575.1
新疆,51368,昌吉,4407,8719,516.7,515.7
新疆,51369,米泉,4358,8739,601.2,600.3
新疆,51377,阜康,4410,8755,547.9,547.0
新疆,51378,吉木萨尔,4401,8910,735.9,734.9
新疆,51468,天山大西沟,4306,8650,3543.8,3539.0
新疆,51469,乌鲁木齐牧试站,4327,8711,1928.5,1930.0
新疆,51470,天池,4353,8807,1943.3,1942.5
新疆,51477,达坂城,4321,8819,1104.4,1103.5
新疆,51482,木垒,4350,9017,1272.5,1271.5
新疆,51526,库米什,4214,8813,924.0,922.4
新疆,51542,巴音布鲁克,4302,8409,2459.4,2458.0
新疆,51567,焉耆,4205,8634,1056.5,1055.3
新疆,51571,托克逊,4248,8838,2.0,1.0
新疆,51572,吐鲁番东坎,4250,8915,-47.4,-48.7
新疆,51573,吐鲁番,4256,8912,35.2,34.5
新疆,51627,乌什,4113,7914,1397.7,1395.8
新疆,51628,阿克苏,4110,8014,1105.0,1103.8
新疆,51636,新和,4133,8239,1010.8,1009.8
新疆,51639,沙雅,4114,8247,982.5,980.4
新疆,51656,库尔勒,4145,8608,932.5,931.5
新疆,51704,阿图什,3943,7610,1299.5,1298.7
新疆,51705,乌恰,3943,7515,2176.7,2175.7
新疆,51707,伽师,3930,7644,1209.6,1208.6
新疆,51709,喀什,3929,7545,1386.7,1385.6
新疆,51717,岳普湖,3915,7647,1207.8,1206.3
新疆,51720,柯坪,4030,7903,1162.5,1161.8
新疆,51722,阿瓦提,4039,8024,1045.1,1044.3
新疆,51730,阿拉尔,4033,8116,1013.1,1012.2
新疆,51747,塔中,3900,8340,1100.0,1099.3
新疆,51765,铁干里克,4038,8742,847.7,846.0
新疆,51802,英吉沙,3856,7610,1299.1,1297.5
新疆,51810,麦盖提,3855,7738,1179.2,1178.2
新疆,51811,莎车,3826,7716,1232.2,1231.2
新疆,51814,叶城,3755,7724,1360.4,1360.4
新疆,51815,泽普,3812,7716,1275.7,1274.7
新疆,51818,皮山,3737,7817,1376.4,1375.4
新疆,51826,策勒,3701,8048,1337.0,1336.5
新疆,51827,墨玉,3710,7938,1350.1,1348.9
新疆,51828,和田,3708,7956,1376.0,1375.0
新疆,51829,洛浦,3705,8010,1349.0,1347.9
新疆,51839,民丰,3704,8243,1410.5,1409.5
新疆,51855,且末,3809,8533,1248.4,1247.2
新疆,51931,于田,3651,8139,1423.3,1422.0
新疆,52101,巴里坤,4336,9303,1680.4,1679.4
新疆,52112,淖毛湖,4345,9459,480.0,479.0
新疆,52118,伊吾,4316,9442,1729.6,1728.6
新疆,52203,哈密,4249,9331,738.3,737.2
新疆,52313,红柳河,4132,9440,1574.8,1573.8
云南,56444,德钦,2829,9855,3320.8,3319.0
云南,56483,绥江,2835,10357,494.5,496.6
云南,56489,永善,2814,10338,876.3,877.2
云南,56497,盐津,2806,10414,433.3,448.8
云南,56533,贡山,2745,9840,1587.7,1583.3
云南,56543,香格里拉,2750,9942,3277.6,3276.7
云南,56548,维西,2710,9917,2326.0,2326.1
云南,56567,宁蒗,2718,10051,2242.3,2240.5
云南,56582,大关,2745,10354,1177.0,1176.2
云南,56585,鲁甸,2711,10332,1916.0,1916.0
云南,56586,昭通,2721,10343,1950.0,1949.5
云南,56594,彝良,2738,10403,884.0,880.4
云南,56595,镇雄,2725,10452,1644.3,1645.2
云南,56596,威信,2751,10503,1176.5,1177.2
云南,56641,福贡,2654,9852,1191.5,1189.7
云南,56643,六库,2552,9851,950.6,949.9
云南,56645,兰坪,2625,9925,2345.9,2344.9
云南,56646,剑川,2632,9955,2193.5,2191.4
云南,56649,洱源,2606,9958,2059.9,2059.9
云南,56651,丽江,2651,10013,2382.1,2380.9
云南,56652,永胜,2641,10045,2131.0,2130.5
云南,56654,鹤庆,2635,10011,2196.8,2195.4
云南,56664,华坪,2638,10116,1230.8,1230.8
云南,56669,永仁,2603,10140,1534.1,1531.3
云南,56673,巧家,2655,10255,894.9,893.9
云南,56684,会泽,2624,10315,2189.3,2188.3
云南,56688,东川,2606,10310,1253.4,1254.1
云南,56697,宣威,2613,10405,1987.4,1984.2
云南,56739,腾冲,2459,9830,1696.9,1695.9
云南,56742,云龙,2554,9922,1663.9,1658.5
云南,56745,漾濞,2541,9957,1627.2,1626.1
云南,56746,永平,2528,9931,1618.3,1616.7
云南,56748,保山,2507,9911,1651.2,1652.2
云南,56751,大理,2542,10011,1991.6,1990.5
云南,56752,宾川,2550,10034,1440.3,1438.7
云南,56755,弥渡,2521,10029,1670.0,1668.5
云南,56757,巍山,2516,10017,1744.0,1742.1
云南,56761,大姚,2543,10119,1873.7,1878.1
云南,56764,姚安,2532,10114,1875.2,1873.5
云南,56766,牟定,2518,10131,1821.6,1822.0
云南,56767,南华,2511,10117,1858.3,1857.4
云南,56772,富民,2514,10230,1694.4,1692.7
云南,56774,武定,2532,10225,1712.0,1710.7
云南,56777,禄丰,2509,10204,1566.8,1566.1
云南,56778,昆明,2500,10239,1889.1,1888.1
云南,56782,马龙,2525,10333,2064.8,2067.1
云南,56783,曲靖,2530,10348,1906.3,1906.2
云南,56785,嵩明,2521,10305,1916.7,1915.7
云南,56790,富源,2541,10415,1920.5,1925.8
云南,56835,陇川,2404,9749,958.7,959.1
云南,56836,盈江,2442,9757,828.1,826.7
云南,56839,镇康,2346,9849,994.5,995.3
云南,56840,粱河,2449,9818,1013.7,1012.9
云南,56841,龙陵,2436,9841,1527.6,1528.0
云南,56842,施甸,2444,9911,1473.4,1471.2
云南,56843,昌宁,2450,9937,1650.2,1650.6
云南,56844,芒市,2426,9835,915.0,913.8
云南,56846,凤庆,2435,9956,1569.8,1569.0
云南,56849,永德,2402,9914,1607.2,1606.2
云南,56851,南涧,2502,10031,1378.6,1377.2
云南,56854,云县,2427,10008,1108.1,1108.6
云南,56856,景东,2428,10052,1163.5,1162.3
云南,56862,双柏,2441,10136,1966.0,1968.1
云南,56863,安宁,2456,10229,1850.0,1848.0
云南,56867,镇沅,2359,10107,1107.2,1105.4
云南,56869,新平,2404,10158,1498.2,1497.5
云南,56870,易门,2439,10211,1597.7,1600.9
云南,56871,晋宁,2439,10236,1894.2,1893.1
云南,56873,澄江,2441,10255,1788.5,1796.3
云南,56875,玉溪,2420,10233,1717.5,1716.9
云南,56876,江川,2417,10246,1732.5,1731.1
云南,56878,通海,2408,10245,1802.4,1801.8
云南,56879,华宁,2411,10255,1698.9,1702.6
云南,56880,宜良,2455,10310,1532.9,1532.5
云南,56881,石林,2445,10316,1694.7,1695.8
云南,56882,呈贡,2453,10248,1909.2,1906.6
云南,56883,师宗,2449,10359,1901.9,1900.9
云南,56885,弥勒,2424,10327,1416.7,1415.5
云南,56886,泸西,2432,10346,1705.5,1704.3
云南,56889,丘北,2403,10410,1518.5,1518.7
云南,56891,罗平,2459,10419,1482.4,1482.7
云南,56898,峨山,2411,10224,1601.2,1600.0
云南,56944,沧源,2309,9916,1280.7,1278.3
云南,56946,耿马,2333,9924,1104.8,1104.9
云南,56948,西盟,2238,9936,1156.1,1155.0
云南,56949,孟连,2219,9936,946.1,945.0
云南,56950,双江,2328,9948,1044.0,1044.1
云南,56951,临沧,2353,10005,1502.6,1502.4
云南,56952,景谷,2330,10042,914.0,913.2
云南,56954,澜沧,2234,9956,1054.4,1054.8
云南,56958,勐海,2155,10025,1177.5,1176.3
云南,56962,墨江,2325,10140,1315.3,1314.6
云南,56964,思茅,2247,10058,1302.9,1302.1
云南,56966,元江,2336,10159,401.6,400.9
云南,56969,勐腊,2128,10135,634.4,633.4
云南,56970,石屏,2342,10229,1419.9,1419.3
云南,56975,红河,2322,10226,975.9,974.5
云南,56976,元阳,2314,10250,229.4,232.0
云南,56977,江城,2235,10151,1121.0,1120.5
云南,56978,绿春,2300,10225,1640.7,1642.8
云南,56982,开远,2342,10317,1117.6,1117.0
云南,56984,个旧,2323,10309,1717.7,1720.5
云南,56987,金平,2247,10314,1261.1,1260.0
云南,56991,砚山,2337,10420,1561.1,1561.1
云南,56992,西畴,2327,10442,1508.1,1507.5
云南,56994,文山,2320,10417,1292.7,1293.5
云南,56995,马关,2302,10425,1335.4,1332.9
云南,59007,广南,2404,10504,1251.4,1249.6
云南,59205,富宁,2339,10538,688.3,685.8
浙江,58443,长兴,3101,11954,19.8,25.0
浙江,58446,安吉,3038,11942,66.8,72.2
浙江,58448,临安,3013,11942,118.6,117.6
浙江,58449,富阳,3003,11957,47.9,46.5
浙江,58450,湖州,3052,12003,7.8,7.4
浙江,58451,嘉善,3050,12056,3.4,2.6
浙江,58452,嘉兴,3044,12046,4.3,4.8
浙江,58453,绍兴,3004,12030,10.7,7.9
浙江,58454,德清,3032,11959,103.0,102.0
浙江,58455,海宁,3031,12039,8.1,8.8
浙江,58456,桐乡,3038,12031,6.7,6.0
浙江,58457,杭州,3014,12010,42.6,41.7
浙江,58458,海盐,3032,12054,3.9,4.8
浙江,58459,萧山,3011,12017,42.4,44.3
浙江,58464,平湖,3039,12107,5.5,4.0
浙江,58467,慈溪,3012,12116,5.7,4.5
浙江,58468,余姚,3003,12110,6.6,5.4
浙江,58472,嵊泗,3044,12227,73.9,79.6
浙江,58477,定海,3002,12206,36.7,35.7
浙江,58484,岱山,3015,12212,9.4,37.1
浙江,58537,开化,2908,11824,154.1,153.6
浙江,58542,桐庐,2949,11941,47.3,46.1
浙江,58543,淳安,2937,11901,172.6,171.4
浙江,58544,建德,2929,11916,90.1,88.9
浙江,58546,浦江,2928,11953,114.2,115.8
浙江,58547,龙游,2902,11911,65.1,66.2
浙江,58548,兰溪,2913,11928,46.7,50.2
浙江,58549,金华,2907,11939,61.4,62.6
浙江,58550,诸暨,2942,12015,39.4,39.1
浙江,58553,上虞,3003,12049,6.4,6.4
浙江,58555,新昌,2931,12053,112.4,113.9
浙江,58556,嵊州,2936,12049,103.8,104.3
浙江,58557,义乌,2920,12005,87.6,90.0
浙江,58558,东阳,2916,12013,89.0,89.9
浙江,58559,天台,2910,12059,59.5,58.3
浙江,58560,磐安,2903,12026,301.3,304.5
浙江,58561,镇海,2959,12136,5.2,4.0
浙江,58562,鄞州,2947,12133,6.2,5.0
浙江,58563,北仑,2953,12150,6.0,5.0
浙江,58565,奉化,2942,12123,42.7,41.5
浙江,58566,象山,2928,12153,7.2,6.0
浙江,58567,宁海,2919,12126,40.4,39.3
浙江,58568,三门,2907,12123,35.9,34.5
浙江,58569,石浦,2912,12157,129.2,128.4
浙江,58570,普陀,2957,12218,83.2,85.2
浙江,58631,常山,2854,11830,132.1,137.0
浙江,58632,江山,2843,11836,124.1,126.3
浙江,58642,武义,2853,11948,102.6,105.1
浙江,58643,永康,2854,12002,99.4,102.9
浙江,58644,遂昌,2836,11917,237.2,237.8
浙江,58646,丽水,2827,11955,59.6,59.7
浙江,58647,龙泉,2805,11908,217.3,222.1
浙江,58652,仙居,2852,12043,79.1,83.0
浙江,58654,缙云,2840,12005,184.9,184.7
浙江,58656,乐清,2804,12058,58.2,60.8
浙江,58657,青田,2809,12017,59.0,57.8
浙江,58658,永嘉,2809,12041,36.4,34.3
浙江,58659,温州,2802,12039,29.0,28.3
浙江,58660,临海,2852,12112,6.8,6.6
浙江,58664,温岭,2822,12122,33.6,35.3
浙江,58665,洪家,2837,12125,5.3,4.6
浙江,58666,大陈,2827,12154,84.4,86.2
浙江,58667,玉环,2805,12116,99.4,95.9
浙江,58742,云和,2807,11933,159.6,163.0
浙江,58745,庆元,2737,11905,391.7,400.8
浙江,58746,泰顺,2733,11942,514.2,538.9
浙江,58750,文成,2747,12005,106.4,105.4
浙江,58751,平阳,2740,12034,255.0,254
浙江,58752,瑞安,2747,12039,37.9,39.7
浙江,58648,景宁,2800,11938,247.8,246.8
重庆,57333,城口,3157,10840,800.0,798.2
重庆,57338,开县,3111,10825,213.2,216.5
重庆,57339,云阳,3057,10841,296.4,297.2
重庆,57345,巫溪,3124,10937,339.8,337.8
重庆,57348,奉节,3101,10932,300.3,299.8
重庆,57349,巫山,3104,10952,275.9,275.7
重庆,57409,潼南,3011,10548,295.8,297.7
重庆,57425,垫江,3020,10720,430.5,433.8
重庆,57431,天城,3050,10821,256.8,257.0
重庆,57432,万州,3046,10824,188.8,186.7
重庆,57437,忠县,3018,10802,326.3,325.6
重庆,57438,石柱,2959,10807,630.3,632.3
重庆,57502,大足,2942,10542,395.3,394.7
重庆,57505,荣昌,2925,10535,324.0,338.0
重庆,57506,永川,2922,10554,351.8,353.0
重庆,57509,万盛,2857,10656,325.7,325.3
重庆,57510,铜梁,2951,10604,327.5,326.3
重庆,57511,北碚,2951,10627,242.9,240.8
重庆,57512,合川,2958,10617,231.2,230.6
重庆,57513,渝北,2944,10637,465.5,464.7
重庆,57514,璧山,2935,10613,325.0,331.5
重庆,57516,沙坪坝,2935,10628,259.6,259.1
重庆,57517,江津,2917,10615,256.3,261.4
重庆,57518,巴南,2920,10630,506.9,506.1
重庆,57519,南川,2910,10707,699.8,698.8
重庆,57520,长寿,2950,10704,382.8,377.6
重庆,57523,丰都,2951,10744,290.4,290.5
重庆,57525,武隆,2919,10745,273.3,277.9
重庆,57536,黔江,2932,10847,608.8,607.3
重庆,57537,彭水,2918,10810,321.3,322.2
重庆,57612,綦江,2900,10639,475.9,474.7
重庆,57633,酉阳,2849,10846,827.7,826.5
重庆,57635,秀山,2827,10859,364.0,363.7