City_En,Longtitude,Latitude,Attributes,2002,2003,2004,2005,2006,2007,2008,2009,2010,2011,2012,2013,2014,2015,2016,2017,2018,2019,2020,2021
Beijing,116.41667,39.91667,GRDP,4525.7,5267.2,6252.5,7149.8,8387.0,10425.5,11813.1,12900.9,14964.0,17188.8,19024.7,-0.4629248254278827,-0.3377440141354749,-0.2082516833294235,-0.05017893953989819,0.1484025216249807,0.3736217662355813,0.5370751745721173,35943.3,40269.6
Beijing,116.41667,39.91667,RP,1423.0,1456.0,1493.0,1538.0,1601.0,1676.0,1771.0,1860.0,1962.0,2024.0,2078.0,-0.7755102040816317,-0.11836734693877458,0.12448979591836827,0.22448979591836826,0.210204081632654,0.18163265306122542,0.15306122448979684,2189.0,2189.0
Beijing,116.41667,39.91667,LFTR,539.87,588.96,,,,1435.67,1775.58,1913.97,2251.59,2854.63,3124.75,-0.579403246264354,-0.3441949115179303,-0.07110444886082298,0.057131810813194295,0.2088705903100437,0.4205967537356459,0.3081034517842243,4643.87,
Beijing,116.41667,39.91667,PCDI,,,,16853.0,19296.0,21458.0,24371.0,26571.0,29228.0,33176.0,36817.0,-0.4660604195626107,-0.33016945915259804,-0.18276546301503585,-0.031536167909932966,0.1430163092496897,0.33357561995309903,0.5339395804373893,69434.0,75002.0
Beijing,116.41667,39.91667,MHI,4998.0,5073.0,4835.0,4818.0,4877.0,6210.0,6497.0,9734.0,9411.0,9495.0,9632.0,-0.29758493655341867,-0.36205485059353326,-0.17151043798608342,-0.16864510847318945,0.12218583708554981,0.2396643471142031,0.6379451494064667,10599.0,
Beijing,116.41667,39.91667,EF,35.39,39.29,44.93,52.27,33.74,40.77,46.9,52.89,61.34,73.74,,-0.44337234581137014,-0.24762500372256457,-0.19884451591768673,-0.03957830787099083,0.08091366627951997,0.2918788528544628,0.5566276541886298,,
Beijing,116.41667,39.91667,FCR,,,31.7,31.7,31.7,31.7,31.7,35.8,35.8,35.8,35.8,-0.8571428571428577,0.14285714285714235,0.14285714285714235,0.14285714285714235,0.14285714285714235,0.14285714285714235,0.14285714285714235,43.8,
Tianjin,117.2,39.13333,GRDP,1926.9,2257.8,2621.1,3158.6,3538.2,4158.4,5182.4,5709.6,6830.8,8112.5,9043.0,-0.45858807745379854,-0.28944377439547864,-0.23131866795038009,-0.08589641545044074,0.15093480520112482,0.37290020750277175,0.5414119225462014,14008.0,15695.0
Tianjin,117.2,39.13333,RP,1007.0,1011.0,1024.0,1043.0,1075.0,1115.0,1176.0,1228.0,1299.0,1341.0,1378.0,-0.06904761904761851,0.24761904761904815,0.4142857142857148,0.4809523809523815,-0.06904761904761851,-0.5190476190476185,-0.48571428571428515,1387.0,1373.0
Tianjin,117.2,39.13333,LFTR,154.81,177.56,201.64,,,438.36,546.26,614.27,776.65,1004.51,1105.56,-0.7486925320964064,-0.20428275731189,0.07743740704289354,0.2200120926989228,0.18213634738705034,0.22208197437583613,0.2513074679035936,1500.14,
Tianjin,117.2,39.13333,PCDI,,,,10255.0,11526.0,13116.0,15444.0,16967.0,19266.0,21714.0,24030.0,-0.4894715754796776,-0.3353425633263588,-0.18208609713751495,-0.008636424342251639,0.17509682589146602,0.3299114098740151,0.5105284245203223,43854.0,47449.0
Tianjin,117.2,39.13333,MHI,2641.0,7132.0,2560.0,2472.0,2367.0,2334.0,2784.0,4238.0,4542.0,4428.0,4551.0,-0.5284479856357308,-0.2919986533497921,-0.10896644596566012,0.06385366401077351,0.13926607563685364,0.2547413309392888,0.4715520143642692,5838.0,
Tianjin,117.2,39.13333,EF,9.76,11.19,12.4,14.8,14.29,16.57,20.61,23.82,29.21,41.36,,-0.22738457084961583,0.40686061658706046,-0.3226226660877108,-0.5667969315385722,-0.07439571573310141,0.43320306846142775,0.3511361991605157,,
Tianjin,117.2,39.13333,FCR,,,8.2,8.2,8.2,8.2,8.2,9.9,9.9,9.9,9.9,-0.8571428571428577,0.1428571428571424,0.1428571428571424,0.1428571428571424,0.1428571428571424,0.1428571428571424,0.1428571428571424,12.1,
Hebei,115.48333,38.03333,GRDP,5518.9,6333.6,7588.6,8773.4,10043.0,12152.9,14200.1,15306.9,18003.6,21384.7,23077.5,-0.4349792757853214,-0.3464169098929804,-0.2354457372089614,-0.04179894179894208,0.1603374515213304,0.33328268895019497,0.5650207242146786,36013.8,40391.3
Hebei,115.48333,38.03333,RP,6735.0,6769.0,6809.0,6851.0,6898.0,6943.0,6989.0,7034.0,7194.0,7232.0,7262.0,-0.5363881401617275,-0.3162623539982055,-0.17789757412399168,0.010781671159027197,0.2246181491464486,0.3315363881401593,0.46361185983827247,7464.0,7448.0
Hebei,115.48333,38.03333,LFTR,202.75,255.46,,,,618.3,748.89,839.33,1074.04,1348.51,1560.59,-0.4467972029736538,-0.2909342660959905,-0.21561357636468542,-0.1473579960321838,0.07699234508012935,0.4705078993600404,0.5532027970263462,2527.28,
Hebei,115.48333,38.03333,PCDI,,,,5581.0,6295.0,7233.0,8365.0,9267.0,10428.0,12059.0,13647.0,-0.4629389703375383,-0.32384589157858845,-0.18341629730651204,-0.030003409478349764,0.13792021820661443,0.32522332083191274,0.5370610296624617,27136.0,29383.0
Hebei,115.48333,38.03333,MHI,18701.0,9018.0,17760.0,18046.0,17733.0,19425.0,15632.0,80963.0,81403.0,80185.0,79119.0,-0.34670387918911255,-0.28461089115337124,-0.3301962311503423,-0.2997555223816008,0.02085632072001967,0.6532961208108875,0.5871140823435241,86939.0,
Hebei,115.48333,38.03333,EF,21.01,23.2,27.01,32.49,35.54,44.04,55.85,61.45,71.93,84.48,,-0.436291028933656,-0.37768144772197565,-0.16984605335431485,-0.030388503733614573,0.14980478318314738,0.3006932794940692,0.563708971066344,,
Hebei,115.48333,38.03333,FCR,,,22.3,22.3,22.3,22.3,22.3,23.4,23.4,23.4,23.4,-0.8571428571428578,0.14285714285714227,0.14285714285714227,0.14285714285714227,0.14285714285714227,0.14285714285714227,0.14285714285714227,26.8,
Shanxi,112.53333,37.86667,GRDP,2324.8,2854.3,3496.0,4079.4,4713.6,5935.6,7223.0,7147.6,8903.9,10894.4,11683.1,-0.31659531056627765,-0.2956205193386182,-0.3460185525861015,-0.32455597551593834,0.17062470036012503,0.4581842102329108,0.6539814474138985,17835.6,22590.2
Shanxi,112.53333,37.86667,RP,3294.0,3314.0,3335.0,3355.0,3375.0,3393.0,3411.0,3427.0,3574.0,3562.0,3548.0,0.5263157894736842,0.34210526315789475,0.10526315789473684,-0.02631578947368421,-0.13157894736842105,-0.34210526315789475,-0.47368421052631576,3490.0,3480.0
Shanxi,112.53333,37.86667,LFTR,112.2,147.6,170.71,,,430.5,566.49,581.91,692.71,872.88,1045.22,-0.23580923821890903,-0.2392229385361826,-0.34329394350278186,-0.3699743542177845,0.11297722478595043,0.44529760390749157,0.6300256457822154,1625.99,
Shanxi,112.53333,37.86667,PCDI,,,,5518.0,6235.0,7282.0,8333.0,8911.0,10149.0,11959.0,13592.0,-0.47508038585209006,-0.3122416169039963,-0.16111621497473588,-0.02388608176389527,0.13355535140101057,0.31384933394579695,0.52491961414791,25214.0,27426.0
Shanxi,112.53333,37.86667,MHI,9603.0,12960.0,9510.0,9430.0,9776.0,9780.0,9431.0,39917.0,41098.0,40339.0,40192.0,-0.5838453081549491,-0.35930931901959373,-0.2574532755610152,0.2866843432710355,0.4161546918450509,0.2300976524607141,0.2676712151587675,41140.0,
Shanxi,112.53333,37.86667,EF,11.77,13.05,15.49,18.91,21.98,26.5,33.28,38.09,45.08,54.95,,-0.4586005830903796,-0.4184645286686111,0.05976676384839588,-0.11030126336248852,0.09105928085519867,0.29514091350825994,0.5413994169096203,,
Shanxi,112.53333,37.86667,FCR,,,14.1,14.1,14.1,14.1,14.1,18.0,18.0,18.0,18.0,-0.857142857142857,0.14285714285714307,0.14285714285714307,0.14285714285714307,0.14285714285714307,0.14285714285714307,0.14285714285714307,20.5,
Inner_Mongoria,111.670801,41.818311,GRDP,1940.9,2388.4,2942.4,3523.7,4161.8,5166.9,6242.4,7104.2,8199.9,9458.1,10470.1,-0.4612954612954612,-0.32971696608060214,-0.19384301202483004,-0.049464049464049434,0.14104814104814126,0.3545668091122637,0.5387045387045388,17258.0,20514.2
Inner_Mongoria,111.670801,41.818311,RP,2384.0,2386.0,2393.0,2403.0,2415.0,2429.0,2444.0,2458.0,2472.0,2470.0,2464.0,0.48214285714285554,0.3321428571428555,0.10714285714285551,0.007142857142855519,-0.06785714285714448,-0.34285714285714447,-0.5178571428571445,2403.0,2400.0
Inner_Mongoria,111.670801,41.818311,LFTR,162.48,106.54,,,,347.91,464.45,576.83,752.81,985.69,1119.87,-0.37111423200362675,-0.2605715342317389,-0.04583456236819902,0.0007924523317920674,-0.15012128923189255,0.1979633975072976,0.6288857679963732,1457.76,
Inner_Mongoria,111.670801,41.818311,PCDI,,,,5985.0,6876.0,8340.0,9923.0,11015.0,12538.0,14715.0,16800.0,-0.48150155358046093,-0.32419249945805323,-0.1765782691427607,-0.02340005299034122,0.1523713177734423,0.33480261097863534,0.518498446419539,31497.0,34108.0
Inner_Mongoria,111.670801,41.818311,MHI,6574.0,4036.0,7416.0,7629.0,7958.0,9076.0,7162.0,22677.0,22565.0,22908.0,23046.0,-0.5452433745116676,-0.4203357617991768,-0.08035054376517829,0.0053848590433952445,0.16503009185935977,0.4547566254883324,0.42075810368493255,24549.0,
Inner_Mongoria,111.670801,41.818311,EF,8.55,9.36,11.15,12.93,14.81,20.2,26.26,31.88,41.44,50.4,,-0.5634360599078341,-0.4263392857142858,-0.08460541474654387,0.19412442396313356,0.18202764976958544,0.26166474654377886,0.43656394009216587,,
Inner_Mongoria,111.670801,41.818311,FCR,,,20.0,20.0,20.0,20.0,20.0,21.0,21.0,21.0,21.0,-0.8571428571428562,0.1428571428571438,0.1428571428571438,0.1428571428571438,0.1428571428571438,0.1428571428571438,0.1428571428571438,22.1,
Liaoning,123.38333,41.8,GRDP,5458.2,5906.3,6469.8,7260.8,8390.3,10292.2,12137.7,12815.7,13896.3,16354.9,17848.6,-0.3904947438995081,-0.24582105223210327,-0.21312823367193348,-0.18086045717321733,0.04945920987716785,0.3713400209991018,0.6095052561004919,25011.4,27584.1
Liaoning,123.38333,41.8,RP,4203.0,4210.0,4217.0,4221.0,4271.0,4298.0,4315.0,4341.0,4375.0,4379.0,4375.0,0.4659090909090909,0.38636363636363635,0.1590909090909091,0.03409090909090909,-0.13636363636363635,-0.375,-0.5340909090909091,4255.0,4229.0
Liaoning,123.38333,41.8,LFTR,333.0,361.4,411.5,,,815.67,1017.1,1183.98,1516.65,1974.85,2317.19,0.6138181985146414,0.3945154217890886,-0.38618180148535863,-0.3437101828575363,-0.2002594212381049,-0.012339727033758938,-0.0658424876889699,1879.06,
Liaoning,123.38333,41.8,PCDI,,,,6979.0,7937.0,9421.0,11125.0,12183.0,13953.0,16429.0,18761.0,-0.49191056171605163,-0.3099436466097073,-0.1503363024904563,-0.017269587347754953,0.14588256680603526,0.31548809307398656,0.5080894382839484,32738.0,35112.0
Liaoning,123.38333,41.8,MHI,13162.0,12533.0,14230.0,14925.0,15876.0,14819.0,14627.0,34729.0,34805.0,35229.0,35792.0,0.06263678212965004,-0.02769602294166533,-0.1359897366236516,0.3368047694513616,0.1445173949135909,0.2829220436193489,-0.6631952305486384,34131.0,
Liaoning,123.38333,41.8,EF,19.44,22.56,27.01,31.64,32.82,41.22,47.92,53.49,62.43,78.09,,-0.06656101426307479,-0.3840464870575805,-0.34178552562070796,-0.11674590596936127,0.11833069202324331,0.17485472794506093,0.6159535129424195,,
Liaoning,123.38333,41.8,FCR,,,35.1,35.1,35.1,35.1,35.1,38.2,38.2,38.2,38.2,-0.8571428571428541,0.1428571428571459,0.1428571428571459,0.1428571428571459,0.1428571428571459,0.1428571428571459,0.1428571428571459,39.2,
Jilin,125.35,43.88333,GRDP,2043.1,2141.0,2455.2,2776.5,3226.5,4080.3,4834.7,5434.8,6410.5,7734.6,8678.0,-0.4813917215065596,-0.24710575865476073,-0.2247037402981554,-0.046792565388415926,0.16852780522361596,0.31285770213083214,0.5186082784934404,12256.0,13235.5
Jilin,125.35,43.88333,RP,2699.0,2704.0,2709.0,2716.0,2723.0,2730.0,2734.0,2740.0,2747.0,2725.0,2698.0,0.4727272727272727,0.35454545454545455,0.22272727272727272,0.013636363636363636,-0.17272727272727273,-0.36363636363636365,-0.5272727272727272,2399.0,2375.0
Jilin,125.35,43.88333,LFTR,111.97,125.77,130.51,,,237.39,311.07,361.11,439.31,624.19,760.57,-0.04538460366550335,0.253111717119396,0.06883103033257747,0.13121772117186534,-0.07076585566507673,0.331494995353373,-0.668505004646627,771.95,
Jilin,125.35,43.88333,PCDI,,,,6010.0,6757.0,7791.0,8921.0,9671.0,10798.0,12621.0,14395.0,-0.48222833792010666,-0.30452839629722284,-0.16862646985238924,-0.018830789758985847,0.1447418897506464,0.3117004419981654,0.5177716620798933,25751.0,27770.0
Jilin,125.35,43.88333,MHI,7556.0,7695.0,8219.0,8755.0,9696.0,9683.0,9659.0,18543.0,19385.0,19785.0,19734.0,-0.38627551020408124,-0.39413265306122414,-0.13663265306122413,-0.059132653061224116,-0.05948979591836698,0.6058673469387759,0.4297959183673473,25616.0,
Jilin,125.35,43.88333,EF,12.26,13.3,14.54,17.42,17.24,21.33,27.14,30.07,34.46,42.94,,-0.48324048720611856,-0.5671796808611084,-0.15607591351147185,0.15126050420168127,0.24841846851100047,0.43282031913889163,0.37399678972712685,,
Jilin,125.35,43.88333,FCR,,,38.9,38.9,38.9,38.9,38.9,40.4,40.4,40.4,40.4,-0.8571428571428562,0.1428571428571438,0.1428571428571438,0.1428571428571438,0.1428571428571438,0.1428571428571438,0.1428571428571438,41.5,
Heilongjiang,127.63333,47.75,GRDP,3242.7,3609.7,4134.7,4756.4,5329.8,6126.3,7134.2,7218.9,8308.3,9935.0,11015.8,-0.2592367188462953,-0.08575742635276695,-0.34503266362627827,-0.23448477751756383,-0.009074941451990018,0.2786191914211766,0.6549673363737217,13633.4,14879.2
Heilongjiang,127.63333,47.75,RP,3813.0,3815.0,3817.0,3820.0,3823.0,3824.0,3825.0,3826.0,3833.0,3782.0,3724.0,0.49183176920403243,0.3507125477928402,0.15849843587069912,-0.0020855057351402972,-0.15780326729231792,-0.33298574904414274,-0.5081682307959675,3171.0,3125.0
Heilongjiang,127.63333,47.75,LFTR,,201.46,,,,334.97,420.21,444.31,556.97,741.85,837.8,-0.014738710129360118,0.4074907766310188,-0.22709568953439466,-0.5702797366086021,-0.0860692102928128,0.42972026339139785,0.06097230654275451,811.92,
Heilongjiang,127.63333,47.75,PCDI,,,,6048.0,6748.0,7656.0,8877.0,9643.0,10846.0,12605.0,14302.0,-0.48929982722342935,-0.3095608738046771,-0.16718271550028244,-0.018098773457413328,0.14571394358246215,0.3277280736267682,0.5107001727765706,24902.0,27159.0
Heilongjiang,127.63333,47.75,MHI,8755.0,8469.0,8230.0,8326.0,8181.0,8464.0,7928.0,21825.0,22073.0,21749.0,21158.0,0.638121546961326,0.509208103130755,0.06998158379373849,-0.27716390423572745,-0.36187845303867405,-0.3011049723756906,-0.27716390423572745,20461.0,
Heilongjiang,127.63333,47.75,EF,15.88,18.82,21.19,23.42,22.31,27.37,33.87,34.86,40.49,48.38,,-0.5343940419769806,-0.4050101557210565,-0.04434664861205135,0.09641164522681119,0.19498984427894384,0.22674339878131358,0.46560595802301946,,
Heilongjiang,127.63333,47.75,FCR,,,42.4,42.4,42.4,42.4,42.4,43.2,43.2,43.2,43.2,-0.8571428571428741,0.14285714285712595,0.14285714285712595,0.14285714285712595,0.14285714285712595,0.14285714285712595,0.14285714285712595,43.8,
Shanghai,121.55333,31.2,GRDP,5795.0,6804.0,8101.6,9197.1,10598.9,12878.7,14536.9,15742.4,17915.4,20009.7,21305.6,-0.4806864796177208,-0.3409563751093161,-0.23156414728775823,-0.028635206238615613,0.17686416806381616,0.38566451980731414,0.5193135203822792,38963.3,43214.9
Shanghai,121.55333,31.2,RP,1713.0,1766.0,1835.0,1890.0,1964.0,2064.0,2141.0,2210.0,2303.0,2356.0,2399.0,-0.5454545454545454,0.030303030303030304,-0.24242424242424243,0.030303030303030304,0.0,0.2727272727272727,0.45454545454545453,2488.0,2489.0
Shanghai,121.55333,31.2,LFTR,554.7,863.68,842.74,,,1975.48,2223.43,2368.45,2707.8,3172.72,3426.79,-0.5906916732318281,-0.4211135585317621,-0.164224158721482,0.14436789555766322,0.2406788108751225,0.40930832676817186,0.38167435728411314,5841.88,
Shanghai,121.55333,31.2,PCDI,,,,17738.0,19647.0,22459.0,25385.0,27500.0,30436.0,34731.0,38550.0,-0.4699752719042731,-0.3309111674595026,-0.18784970347241153,-0.025094825960309423,0.14664494226618316,0.3371612984345857,0.530024728095727,72232.0,78027.0
Shanghai,121.55333,31.2,MHI,2308.0,7500.0,2551.0,2526.0,2519.0,2678.0,2822.0,4460.0,4708.0,4740.0,4845.0,-0.31565440547476514,-0.23331907613344777,-0.1854148845166813,-0.1854148845166813,0.006201881950384555,0.2292557741659534,0.6843455945252348,5897.0,
Shanghai,121.55333,31.2,EF,27.4,30.7,38.33,42.29,37.07,43.18,48.23,49.37,55.83,71.06,,-0.46531015967217726,-0.3026988837077856,-0.2554189628373602,-0.0401865197117421,0.13508548820121535,0.39383919740002843,0.5346898403278227,,
Shanghai,121.55333,31.2,FCR,,,9.4,9.4,9.4,9.4,9.4,10.7,10.7,10.7,10.7,-0.8571428571428571,0.14285714285714285,0.14285714285714285,0.14285714285714285,0.14285714285714285,0.14285714285714285,0.14285714285714285,14.0,
Jiangsu,119.78333,32.05,GRDP,10606.9,12442.9,14823.1,18121.3,21240.8,25988.4,30945.5,34471.7,41383.9,48839.2,53701.9,-0.4909111988364243,-0.3514692616948174,-0.18800385823389165,-0.032943996731986155,0.18378109828829015,0.370458416045252,0.5090888011635757,102807.7,116364.2
Jiangsu,119.78333,32.05,RP,7406.0,7458.0,7523.0,7588.0,7656.0,7723.0,7762.0,7810.0,7869.0,8023.0,8120.0,-0.5997937080969562,-0.27849406910778657,-0.15575038679731726,0.08251676121712316,0.23414130995358526,0.3171738009283145,0.40020629190304374,8477.0,8505.0
Jiangsu,119.78333,32.05,LFTR,565.3,690.53,833.71,,,1894.77,2278.71,2654.75,3312.61,4124.62,4782.59,-0.5742729173331745,-0.26878882796282905,0.04581457810977111,0.005040660084668276,-0.019697634795806693,0.38617705923054585,0.42572708266682546,7413.86,
Jiangsu,119.78333,32.05,PCDI,,,,8712.0,9947.0,11574.0,13237.0,14653.0,17006.0,19820.0,22432.0,-0.4695964526330262,-0.3254073284751821,-0.18308297813831975,-0.030833218754296652,0.14686168018699305,0.3316547504468583,0.5304035473669738,43390.0,47498.0
Jiangsu,119.78333,32.05,MHI,12367.0,8870.0,13400.0,15324.0,17143.0,19116.0,13357.0,30571.0,30956.0,31680.0,31050.0,-0.38125329120589785,-0.11874670879410217,-0.1371774618220116,-0.0866245392311743,-0.1076882569773565,0.21274354923644023,0.6187467087941022,35747.0,
Jiangsu,119.78333,32.05,EF,40.44,46.54,55.7,66.53,68.46,85.13,99.64,110.55,131.46,158.82,,-0.4253657295509476,-0.3418394606284187,-0.19375397532120595,-0.055107492685408786,0.11764406564050398,0.3237883220964254,0.5746342704490524,,
Jiangsu,119.78333,32.05,FCR,,,10.5,10.5,10.5,10.5,10.5,15.8,15.8,15.8,15.8,0.8571428571428521,-0.14285714285714793,-0.14285714285714793,-0.14285714285714793,-0.14285714285714793,-0.14285714285714793,-0.14285714285714793,15.2,
Zhejiang,120.2,30.26667,GRDP,8040.7,9753.4,11482.1,13028.3,15302.7,18640.0,21284.6,22833.7,27399.9,31854.8,34382.4,-0.45280962500810157,-0.3457989514008043,-0.20713756980143483,-0.05804534378521339,0.14687438527549318,0.36972672972816256,0.5471903749918984,64689.1,73515.8
Zhejiang,120.2,30.26667,RP,4776.0,4857.0,4925.0,4991.0,5072.0,5155.0,5212.0,5276.0,5447.0,5570.0,5685.0,-0.49818709209572176,-0.31883007009910586,-0.15808556925308218,-0.010877447425670995,0.15494319555233238,0.3292240754169686,0.5018129079042782,6468.0,6540.0
Zhejiang,120.2,30.26667,LFTR,,673.47,,,,1535.35,1792.09,1983.81,2464.96,2952.01,3227.77,-0.46834648422772956,-0.3373272711929539,-0.20377521836029552,-0.04574046405850517,0.12452501664983986,0.39901090541737544,0.5316535157722705,6261.75,
Zhejiang,120.2,30.26667,PCDI,,,,12093.0,13550.0,15351.0,17073.0,18528.0,21159.0,24195.0,27020.0,-0.4675227872902292,-0.32426101030752197,-0.1811980009654429,-0.03251980577561978,0.14224664224664219,0.3307777493824005,0.5324772127097708,52397.0,57541.0
Zhejiang,120.2,30.26667,MHI,10708.0,6261.0,11937.0,12555.0,14230.0,15669.0,15290.0,29549.0,29939.0,30515.0,30271.0,-0.40557199211045364,-0.3328402366863905,-0.14077909270216962,-0.03994082840236687,0.0668145956607495,0.2578895463510848,0.5944280078895463,34400.0,
Zhejiang,120.2,30.26667,EF,33.96,41.16,50.02,56.84,63.15,70.59,79.73,89.12,106.26,120.69,,-0.42562626419791494,-0.3019293605103468,-0.1861677298895284,-0.08192002489497412,0.10634821845339985,0.3149214252372804,0.5743737358020851,,
Zhejiang,120.2,30.26667,FCR,,,57.4,57.4,57.4,57.4,57.4,59.1,59.1,59.1,59.1,-0.8571428571428267,0.1428571428571733,0.1428571428571733,0.1428571428571733,0.1428571428571733,0.1428571428571733,0.1428571428571733,59.4,
Anhui,117.283042,31.86119,GRDP,3827.7,4307.8,5129.1,5675.9,6500.3,7941.6,9517.7,10864.7,13249.8,16284.9,18341.7,-0.4365016405972036,-0.3174658812884067,-0.23681526480161272,-0.08452304083703381,0.12262267142813238,0.38918479669332934,0.5634983594027965,38061.5,42959.2
Anhui,117.283042,31.86119,RP,6144.0,6163.0,6228.0,6120.0,6110.0,6118.0,6135.0,6131.0,5957.0,5972.0,5978.0,-0.464285714285718,-0.3777472527472565,-0.24313186813187188,-0.03159340659341034,0.19917582417582042,0.3818681318681281,0.5357142857142819,6105.0,6113.0
Anhui,117.283042,31.86119,LFTR,162.0,176.77,204.83,,,401.88,527.93,629.32,866.55,1108.31,1305.09,-0.5365653041393784,-0.2866777027992964,-0.130958423891086,-0.0473628270179444,0.1167392164622083,0.4213903455248756,0.4634346958606216,2199.52,
Anhui,117.283042,31.86119,PCDI,,,,4777.0,5573.0,6724.0,7893.0,8683.0,9955.0,11873.0,13593.0,-0.4629758838976492,-0.3171629010364468,-0.1780100726908292,-0.03281870425108139,0.13279713803645968,0.3211463077371967,0.5370241161023508,28103.0,30904.0
Anhui,117.283042,31.86119,MHI,8827.0,15688.0,8973.0,9197.0,9288.0,8502.0,7837.0,24799.0,22997.0,22884.0,23275.0,-0.14236933797909332,-0.05505226480836161,-0.04090592334494698,-0.2691986062717762,-0.2174912891986055,-0.00578397212543478,0.7308013937282237,29391.0,
Anhui,117.283042,31.86119,EF,16.4,18.35,22.16,25.25,27.76,34.51,43.84,48.73,59.91,81.72,,-0.40861503078507955,-0.4010684938070483,-0.21324357346493855,-0.08243693251239792,0.15133801298483524,0.36264104836970856,0.5913849692149205,,
Anhui,117.283042,31.86119,FCR,,,26.1,26.1,26.1,26.1,26.1,27.5,27.5,27.5,27.5,-0.8571428571428575,0.14285714285714243,0.14285714285714243,0.14285714285714243,0.14285714285714243,0.14285714285714243,0.14285714285714243,28.7,
Fujian,118.3,26.08333,GRDP,4467.6,4999.6,5712.1,6415.5,7468.6,9325.6,10931.8,12418.1,15002.5,17917.7,20190.7,-0.4410865986929915,-0.3180817759636092,-0.22337265313535073,-0.08263067924669719,0.1309113027134699,0.37534700301816964,0.5589134013070085,43608.6,48810.4
Fujian,118.3,26.08333,RP,3476.0,3502.0,3529.0,3557.0,3585.0,3612.0,3639.0,3666.0,3693.0,3784.0,3841.0,-0.5334467120181411,-0.295351473922903,-0.14058956916099824,-0.013605442176871265,0.18083900226757318,0.3356009070294779,0.4665532879818589,4161.0,4187.0
Fujian,118.3,26.08333,LFTR,,251.77,,,,594.02,704.45,778.14,966.09,1254.31,1440.34,-0.543076093782127,-0.21155160628844813,-0.12406570750601531,-0.0773663649145033,0.09752763282930155,0.4569239062178731,0.4016082334439204,2184.72,
Fujian,118.3,26.08333,PCDI,,,,8042.0,8948.0,10138.0,11785.0,12985.0,14566.0,16909.0,19141.0,-0.4697378604171214,-0.3229813664596273,-0.17900303613597124,-0.02592621991149561,0.1435417617526244,0.32384458158871277,0.5302621395828786,37202.0,40659.0
Fujian,118.3,26.08333,MHI,16941.0,8525.0,8672.0,7934.0,9652.0,4556.0,4478.0,26613.0,27017.0,27147.0,27276.0,0.42469430360870697,0.27333730987175503,0.15955860423501178,-0.11705934983596941,-0.575305696391293,-0.1859528780196855,0.020727706531462733,28105.0,
Fujian,118.3,26.08333,EF,17.79,19.66,22.25,25.05,27.71,33.22,38.99,44.79,53.41,63.45,,-0.47878155299804986,-0.3439997802620374,-0.1326942620924547,-0.046941522234735134,0.12937072540994865,0.3518279451753786,0.5212184470019502,,
Fujian,118.3,26.08333,FCR,,,63.1,63.1,63.1,63.1,63.1,66.0,66.0,66.0,66.0,-0.8571428571428749,0.14285714285712509,0.14285714285712509,0.14285714285712509,0.14285714285712509,0.14285714285712509,0.14285714285712509,66.8,
Jiangxi,115.9,28.68333,GRDP,2450.5,2812.7,3398.1,3941.2,4696.8,5777.6,6934.2,7630.0,9383.2,11584.5,12807.7,-0.4496463400014056,-0.31772902464802816,-0.21036052236677283,-0.05528340340390015,0.12048416901268703,0.3621814614088249,0.5503536599985944,25782.0,29619.7
Jiangxi,115.9,28.68333,RP,4222.0,4254.0,4284.0,4311.0,4339.0,4368.0,4400.0,4432.0,4462.0,4474.0,4475.0,-0.5178571428571331,-0.4178571428571331,-0.2928571428571331,-0.017857142857133114,0.35714285714286687,0.4071428571428669,0.48214285714286687,4519.0,4517.0
Jiangxi,115.9,28.68333,LFTR,187.04,123.05,,,,281.86,357.96,430.02,585.11,777.09,978.08,-0.558132001416292,-0.2023690243908565,0.036517227784431956,-0.04421894265273526,0.03296645346953807,0.29336828862220393,0.4418679985837079,1701.92,
Jiangxi,115.9,28.68333,PCDI,,,,5223.0,5894.0,7097.0,8208.0,9094.0,10217.0,11870.0,13567.0,-0.47423656794737257,-0.3278470320219112,-0.17527580822689234,-0.025392274809941988,0.14670949906570754,0.33027875188778244,0.5257634320526274,28017.0,30610.0
Jiangxi,115.9,28.68333,MHI,11286.0,3348.0,12080.0,10669.0,10210.0,9456.0,8229.0,34005.0,34068.0,39154.0,39509.0,0.38456876174313637,0.37226498575671296,0.238196254318444,0.11727983514152417,-0.08679313897811944,-0.6154312382568636,-0.41008545972483135,36716.0,
Jiangxi,115.9,28.68333,EF,11.7,13.5,15.66,18.9,22.14,28.5,33.33,37.77,44.95,63.08,,-0.43035428571428586,-0.32715428571428584,-0.1986742857142858,-0.08091428571428583,0.11892571428571432,0.3485257142857142,0.5696457142857141,,
Jiangxi,115.9,28.68333,FCR,,,58.3,58.3,58.3,58.3,58.3,60.0,60.0,60.0,60.0,-0.8571428571428521,0.14285714285714793,0.14285714285714793,0.14285714285714793,0.14285714285714793,0.14285714285714793,0.14285714285714793,61.2,
Shandong,117.000923,36.675807,GRDP,10076.5,10903.2,13308.1,15947.5,18967.8,22718.1,27106.2,29540.8,33922.5,39064.9,42957.3,-0.4986149209168498,-0.3507243181457062,-0.1561234783529815,-0.006370501572302011,0.17683191951391034,0.33361622039077793,0.5013850790831502,72798.2,83095.9
Shandong,117.000923,36.675807,RP,9082.0,9125.0,9180.0,9248.0,9309.0,9367.0,9417.0,9470.0,9588.0,9665.0,9708.0,-0.5503968253968247,-0.37817460317460244,-0.21706349206349135,0.08015873015873089,0.24682539682539756,0.3690476190476198,0.44960317460317534,10165.0,10170.0
Shandong,117.000923,36.675807,LFTR,495.03,558.28,627.43,,,1308.35,1533.53,1720.35,2149.9,2603.13,3050.2,-0.5598507382988812,-0.2430371238225062,-0.0690743701451467,-0.06213374292352283,0.08943870857637048,0.4401492617011188,0.40450800491256966,4757.62,
Shandong,117.000923,36.675807,PCDI,,,,6860.0,7795.0,9085.0,10411.0,11398.0,12922.0,15077.0,17127.0,-0.47588030366646605,-0.3284500073760538,-0.18237009634261192,-0.024931062265242776,0.1533992260817268,0.3341125472351147,0.524119696333534,32886.0,35705.0
Shandong,117.000923,36.675807,MHI,16571.0,4855.0,16526.0,16323.0,17016.0,15270.0,14973.0,63885.0,66967.0,68275.0,68840.0,-0.39853479853479856,-0.20488400488400488,-0.17472527472527472,-0.2067155067155067,0.04395604395604396,0.33943833943833945,0.6014652014652014,84872.0,
Shandong,117.000923,36.675807,EF,33.39,37.41,42.67,49.88,54.71,68.02,77.49,83.97,103.96,137.28,,-0.4388465362943322,-0.34496825680120363,-0.18576782845924392,-0.02594273475944024,0.1099665995257643,0.32440529308278737,0.5611534637056678,,
Shandong,117.000923,36.675807,FCR,,,16.7,16.7,16.7,16.7,16.7,16.7,16.7,16.7,16.7,-0.8571428571428578,0.1428571428571422,0.1428571428571422,0.1428571428571422,0.1428571428571422,0.1428571428571422,0.1428571428571422,17.5,
Henan,113.65,34.76667,GRDP,6035.5,6942.4,8411.2,10243.5,11977.9,14824.5,17735.9,19181.0,22655.0,26318.7,28961.9,-0.4566178796368107,-0.3233935177309275,-0.20977495696879178,-0.06645790897759385,0.140720621538179,0.3721415214127562,0.5433821203631893,54259.4,58887.4
Henan,113.65,34.76667,RP,9613.0,9667.0,9717.0,9380.0,9392.0,9360.0,9429.0,9487.0,9405.0,9461.0,9532.0,-0.557491289198607,-0.33797909407665583,-0.16724738675958267,0.06750871080139294,0.2229965156794417,0.32970383275261245,0.4425087108013929,9941.0,9883.0
Henan,113.65,34.76667,LFTR,242.24,264.4,307.12,,,625.02,742.27,821.5,1016.55,1263.1,1469.57,-0.45779223794883744,-0.28433431832928385,-0.1452800471311935,-0.0920862851145304,0.066621906186102,0.37066322028658233,0.5422077620511626,2764.73,
Henan,113.65,34.76667,PCDI,,,,4668.0,5409.0,6493.0,7637.0,8426.0,9520.0,11206.0,12772.0,-0.47244929521452866,-0.3187221068445936,-0.17128422665075924,-0.03539392868189646,0.14266566509065742,0.3276331875156497,0.5275507047854713,24810.0,26811.0
Henan,113.65,34.76667,MHI,13291.0,13621.0,13821.0,14554.0,14629.0,11888.0,11683.0,75722.0,75741.0,76128.0,69258.0,0.3504892367906095,-0.07416829745596584,0.2545988258317054,0.08610567514677389,-0.1632093933463768,0.1956947162426643,-0.6495107632093905,74644.0,
Henan,113.65,34.76667,EF,22.88,25.45,29.99,35.8,41.79,54.94,65.62,76.33,91.11,118.21,,-0.4085086681413654,-0.3356782756314626,-0.24340243839703696,-0.10908482946653654,0.12894181799475257,0.37624106178301325,0.5914913318586347,,
Henan,113.65,34.76667,FCR,,,20.2,20.2,20.2,20.2,20.2,21.5,21.5,21.5,21.5,-0.8571428571428563,0.14285714285714363,0.14285714285714363,0.14285714285714363,0.14285714285714363,0.14285714285714363,0.14285714285714363,24.1,
Hubei,114.298572,30.584355,GRDP,4212.8,4757.5,5546.8,6469.7,7531.8,9451.4,11497.5,13192.1,16226.9,19942.5,22590.9,-0.45852433437591295,-0.31568357830389665,-0.2108558889118463,-0.06078856059904396,0.1328177433259473,0.3715589532406648,0.5414756656240871,43004.5,50012.9
Hubei,114.298572,30.584355,RP,5672.0,5685.0,5698.0,5710.0,5693.0,5699.0,5711.0,5720.0,5728.0,5760.0,5781.0,-0.5658914728682171,-0.4263565891472868,-0.16279069767441862,0.10852713178294573,0.2558139534883721,0.35658914728682173,0.43410852713178294,5745.0,5830.0
Hubei,114.298572,30.584355,LFTR,191.01,205.38,,,,433.98,537.21,616.06,777.96,1067.11,1324.44,-0.5701511465197111,-0.2804441365733847,-0.04999390600435971,-0.010651378708659174,0.12422340125181502,0.35716831307401203,0.42984885348028884,1923.45,
Hubei,114.298572,30.584355,PCDI,,,,5628.0,6304.0,7430.0,8643.0,9496.0,11069.0,12941.0,14809.0,-0.4721508760505974,-0.3192851716528596,-0.1721593170061136,-0.023514090366457966,0.1427727333019813,0.31648759782464525,0.5278491239494026,27881.0,30829.0
Hubei,114.298572,30.584355,MHI,10192.0,9498.0,9909.0,9459.0,10052.0,11093.0,10305.0,32790.0,34269.0,35625.0,35240.0,-0.468147712225981,-0.008827423863468107,0.09621892011181511,0.2764454906576441,0.27953508900985835,0.4123878181550695,-0.5876121818449305,35447.0,
Hubei,114.298572,30.584355,EF,23.02,25.28,29.86,33.92,29.05,36.89,45.2,51.94,58.69,68.44,,-0.5024463908184837,-0.37517366354575643,-0.15530051344004822,0.06654585724353193,0.18113359508708368,0.2876875062921577,0.49755360918151625,,
Hubei,114.298572,30.584355,FCR,,,31.1,31.1,31.1,31.1,31.1,38.4,38.4,38.4,38.4,-0.857142857142858,0.14285714285714202,0.14285714285714202,0.14285714285714202,0.14285714285714202,0.14285714285714202,0.14285714285714202,39.6,
Hunan,113.0,28.21667,GRDP,4151.5,4660.0,5542.6,6369.9,7431.6,9285.5,11307.4,12772.8,15574.3,18915.0,21207.2,-0.4723262290254568,-0.3294358816626373,-0.1668989525726068,-0.02530532853673886,0.15663963412129922,0.3096529867015951,0.5276737709745433,41542.6,46063.1
Hunan,113.0,28.21667,RP,6629.0,6663.0,6698.0,6326.0,6342.0,6355.0,6380.0,6406.0,6570.0,6581.0,6590.0,-0.5678571428571331,-0.2928571428571331,-0.19285714285713312,0.05714285714286689,0.2571428571428669,0.3071428571428669,0.4321428571428669,6645.0,6622.0
Hunan,113.0,28.21667,LFTR,148.61,186.61,218.7,,,410.66,486.31,568.27,730.84,915.4,1110.74,-0.46879863362342583,-0.2860925862459663,-0.1694187093958988,-0.1382051699824145,0.13420866832594566,0.3971050645451876,0.5312013663765742,2057.98,
Hunan,113.0,28.21667,PCDI,,,,5664.0,6364.0,7587.0,8804.0,9745.0,10861.0,12612.0,14391.0,-0.46556133374120534,-0.3270602630773938,-0.18187825022942805,-0.027873967574181795,0.14240440501682464,0.3255307433465891,0.5344386662587947,29380.0,31993.0
Hunan,113.0,28.21667,MHI,15149.0,14539.0,14885.0,15008.0,15331.0,14521.0,14455.0,55200.0,59359.0,59634.0,58612.0,0.35441146959798386,0.25467680438805723,0.42246203928738607,0.17413989163637936,-0.20528885816852152,-0.5775379607126139,-0.42286338602867446,56042.0,
Hunan,113.0,28.21667,EF,21.05,23.55,27.24,32.34,33.39,41.96,50.66,56.61,64.98,79.88,,-0.44689748477953367,-0.37515117971424455,-0.24055511141176197,-0.016850132218190587,0.1817436402025298,0.34460775270073607,0.5531025152204663,,
Hunan,113.0,28.21667,FCR,,,44.8,44.8,44.8,44.8,44.8,47.8,47.8,47.8,47.8,-0.8571428571428534,0.1428571428571466,0.1428571428571466,0.1428571428571466,0.1428571428571466,0.1428571428571466,0.1428571428571466,49.7,
Guangdong,113.23333,23.16667,GRDP,13601.9,15979.8,18658.3,21963.0,25961.2,31742.6,36704.2,39464.7,45944.6,53072.8,57007.7,-0.46996320486707116,-0.34531140806163624,-0.20109647297528635,-0.03772294191457193,0.17082521291080435,0.353232019774832,0.5300367951329289,111151.6,124369.7
Guangdong,113.23333,23.16667,RP,8842.0,8963.0,9111.0,9194.0,9442.0,9660.0,9893.0,10130.0,10441.0,10756.0,11041.0,-0.5195124809562869,-0.3398570256650646,-0.18481190671510564,0.0038673385679132356,0.19500761748505843,0.3648189382397754,0.48048751904371306,12624.0,12684.0
Guangdong,113.23333,23.16667,LFTR,1032.33,1109.5,1191.55,,,2415.47,2864.79,3130.61,3803.47,4548.66,5073.88,-0.5337803483431638,-0.36093857190409584,-0.15921650887351646,0.00874399401171896,0.18873891953563512,0.39023286391658407,0.4662196516568362,9881.95,
Guangdong,113.23333,23.16667,PCDI,,,,10150.0,11147.0,12238.0,13605.0,14728.0,16579.0,18916.0,21268.0,-0.4685344156260592,-0.3233410596329854,-0.1839195243286822,-0.027631446344971545,0.1459720937050509,0.32598876785370734,0.5314655843739408,41029.0,44993.0
Guangdong,113.23333,23.16667,MHI,15501.0,13213.0,15744.0,16318.0,16953.0,16488.0,15819.0,44314.0,44880.0,45930.0,46534.0,-0.3226710634789777,-0.2814509480626546,-0.2427040395713108,-0.11755976916735367,0.013520197856553999,0.2735366859027205,0.6773289365210222,55900.0,
Guangdong,113.23333,23.16667,EF,52.03,62.23,70.87,80.66,86.54,107.35,116.62,128.43,153.27,188.46,,-0.42913906509679073,-0.3234123733058682,-0.19568830317642366,-0.06460522927834075,0.13754944874885908,0.3044345872053557,0.5708609349032093,,
Guangdong,113.23333,23.16667,FCR,,,49.4,49.4,49.4,49.4,49.4,51.3,51.3,51.3,51.3,-0.8571428571428594,0.14285714285714055,0.14285714285714055,0.14285714285714055,0.14285714285714055,0.14285714285714055,0.14285714285714055,53.5,
Guangxi,108.320004,22.82402,GRDP,2523.7,2798.2,3305.1,3742.1,4417.8,5474.8,6455.4,7112.9,8552.4,10299.9,11303.6,-0.462727300803467,-0.33308355371914283,-0.19540676420533534,-0.04535044188235227,0.1451327922705942,0.35416256914316907,0.537272699196533,22120.9,24740.9
Guangxi,108.320004,22.82402,RP,4822.0,4857.0,4889.0,4660.0,4719.0,4768.0,4816.0,4856.0,4610.0,4655.0,4694.0,-0.5054069436539567,-0.35002845759817974,-0.18668184405236302,-0.0034149117814466813,0.19578827546954933,0.35515082527034614,0.49459305634604334,5019.0,5037.0
Guangxi,108.320004,22.82402,LFTR,131.27,146.46,,,,282.68,346.49,417.68,533.87,644.8,762.46,-0.5892962556923601,-0.2117505059875193,-0.014067507168156669,0.0027934727610048455,0.08200687299713247,0.31961017878225595,0.4107037443076399,1113.22,
Guangxi,108.320004,22.82402,PCDI,,,,4870.0,5353.0,6614.0,7839.0,8655.0,9739.0,11054.0,12644.0,-0.4783690244430024,-0.3188405797101449,-0.1765087605451006,-0.021630975556997622,0.15141682889898334,0.32230153579926457,0.5216309755569977,24562.0,26727.0
Guangxi,108.320004,22.82402,MHI,10107.0,6610.0,9034.0,9416.0,9977.0,10060.0,10427.0,32355.0,32741.0,34026.0,34152.0,-0.1633892423366118,0.5694042799305946,0.3386350491613639,0.150375939849623,-0.09759976865240129,-0.3668305378831705,-0.43059572006940533,33875.0,
Guangxi,108.320004,22.82402,EF,13.46,14.38,16.06,18.33,21.34,27.59,34.76,38.73,49.41,59.38,,-0.47687861271676285,-0.3564040158198964,-0.12427745664739864,-0.0022817158503193103,0.14648615759050818,0.2902342561606329,0.5231213872832371,,
Guangxi,108.320004,22.82402,FCR,,,52.7,52.7,52.7,52.7,52.7,56.5,56.5,56.5,56.5,-0.8571428571428563,0.14285714285714368,0.14285714285714368,0.14285714285714368,0.14285714285714368,0.14285714285714368,0.14285714285714368,60.2,
Hainan,110.35,20.01667,GRDP,642.7,714.0,802.7,884.9,1027.5,1234.0,1474.7,1620.3,2020.5,2463.8,2789.4,-0.4719335926162419,-0.3215430557974239,-0.19277877750043546,-0.03204917345510609,0.15184174712821602,0.338396444857233,0.5280664073837581,5566.2,6475.2
Hainan,110.35,20.01667,RP,803.0,811.0,818.0,828.0,836.0,845.0,854.0,864.0,869.0,890.0,910.0,-0.5085714285714281,-0.2952380952380948,-0.1752380952380948,-0.015238095238094804,0.18476190476190518,0.31809523809523854,0.4914285714285719,1012.0,1020.0
Hainan,110.35,20.01667,LFTR,36.38,40.54,44.67,,,87.99,120.54,151.24,237.1,295.69,350.8,-0.5058296971631959,-0.22058840919034597,-0.08086487637021546,-0.11956200409143045,0.040192983078505676,0.3924817008998781,0.494170302836804,559.82,
Hainan,110.35,20.01667,PCDI,,,,5322.0,6084.0,7186.0,8325.0,9151.0,10342.0,12392.0,14180.0,-0.4766385633369006,-0.31740231265171875,-0.1800918796168202,-0.02715930150609481,0.14642008822531394,0.3315105322231213,0.5233614366630994,27904.0,30457.0
Hainan,110.35,20.01667,MHI,2840.0,19470.0,2515.0,2464.0,2337.0,2330.0,2220.0,4661.0,4678.0,4816.0,5154.0,-0.3944405348346229,-0.2368050668543273,-0.30823363828289874,-0.06685432793807114,0.021815622800845116,0.37895847994370224,0.6055594651653772,6127.0,
Hainan,110.35,20.01667,EF,2.97,3.29,3.89,4.68,5.59,7.58,9.29,11.75,14.23,17.32,,-0.44998939704531005,-0.3554817275747509,-0.15953912490280622,-0.03138474588251922,0.12744751537428423,0.31893687707641216,0.55001060295469,,
Hainan,110.35,20.01667,FCR,,,52.0,52.0,52.0,52.0,52.0,55.4,55.4,55.4,55.4,-0.8571428571428541,0.1428571428571459,0.1428571428571459,0.1428571428571459,0.1428571428571459,0.1428571428571459,0.1428571428571459,57.4,
Chongqing,106.45,29.56667,GRDP,2279.8,2615.6,3059.5,3448.4,3900.3,4770.7,5899.5,6651.2,8065.3,10161.2,11595.4,-0.4832391144050974,-0.3323438770301188,-0.19841750014180123,-0.011003762454860134,0.18215764496795278,0.32608572346902104,0.5167608855949025,25041.4,27894.0
Chongqing,106.45,29.56667,RP,2814.0,2803.0,2793.0,2798.0,2808.0,2816.0,2839.0,2859.0,2885.0,2944.0,2975.0,-0.5262308313155781,-0.3454398708636008,-0.19289749798224484,0.03309120258272691,0.2251815980629529,0.3325262308313145,0.4737691686844218,3209.0,3212.0
Chongqing,106.45,29.56667,LFTR,101.63,119.37,,,,294.46,360.29,435.62,621.56,881.07,970.17,-0.6164142539624281,-0.27137642846947324,0.07343709490892462,0.047989000457343264,0.12523049227031582,0.38358574603757184,0.2575483487577449,1430.72,
Chongqing,106.45,29.56667,PCDI,,,,5942.0,6632.0,7520.0,8756.0,9688.0,10984.0,13037.0,14924.0,-0.46891518327029613,-0.3245544027666932,-0.1822177498640942,-0.026440889690828882,0.14512416577026738,0.32591924309194176,0.5310848167297039,30824.0,33803.0
Chongqing,106.45,29.56667,MHI,5948.0,3730.0,6539.0,6380.0,6613.0,6293.0,6265.0,16497.0,17495.0,17650.0,17961.0,-0.38758577666874566,-0.457018091079226,-0.0033063006862128963,0.0521522145976299,-0.05745477230193342,0.3102308172177172,0.542981908920774,20922.0,
Chongqing,106.45,29.56667,EF,10.67,12.08,14.34,17.31,16.82,23.1,26.63,33.1,40.68,50.4,,-0.4558129997949559,-0.3709247488209965,-0.16772606110313729,0.01517326225138394,0.1425056387123232,0.2925979085503382,0.5441870002050441,,
Chongqing,106.45,29.56667,FCR,,,34.9,34.9,34.9,34.9,34.9,38.4,38.4,38.4,38.4,-0.8571428571428573,0.14285714285714265,0.14285714285714265,0.14285714285714265,0.14285714285714265,0.14285714285714265,0.14285714285714265,43.1,
Sichuan,104.06667,30.66667,GRDP,4725.0,5346.2,6304.0,7195.9,8494.7,10562.1,12756.2,14190.6,17224.8,21050.9,23922.4,-0.43503123366872865,-0.3154442177761973,-0.24234562764629572,-0.1014342005433319,0.1387476011477059,0.3905389121555765,0.5649687663312714,48501.6,53850.8
Sichuan,104.06667,30.66667,RP,8110.0,8176.0,8090.0,8212.0,8169.0,8127.0,8138.0,8185.0,8045.0,8064.0,8085.0,-0.5271546635183031,-0.4031877213695428,-0.16765053128689814,0.05962219598582913,0.21664698937425889,0.34887839433293655,0.4728453364816969,8371.0,8372.0
Sichuan,104.06667,30.66667,LFTR,230.26,254.19,303.55,,,628.95,732.07,886.67,1180.58,1537.42,1827.04,-0.45718542883704705,-0.19108505060391798,-0.1388073739996107,-0.16972825068542277,-0.04098890043135684,0.45498043339440125,0.542814571162953,2967.2,
Sichuan,104.06667,30.66667,PCDI,,,,4703.0,5247.0,6322.0,7413.0,8214.0,9373.0,11130.0,12753.0,-0.46567717996289415,-0.32071919676961685,-0.18015387973371158,-0.028606897304376197,0.1406062424969989,0.3202280912364947,0.5343228200371059,26522.0,29080.0
Sichuan,104.06667,30.66667,MHI,28204.0,16756.0,24605.0,23832.0,24015.0,21380.0,20738.0,72914.0,74283.0,75815.0,76557.0,-0.21022861183125147,0.033231204336554326,-0.19325948621258543,-0.33372613716709876,-0.10558567051614423,0.14329483855762432,0.6662738628329012,82793.0,
Sichuan,104.06667,30.66667,EF,24.37,26.62,30.91,36.32,36.54,50.1,65.78,80.88,89.52,102.44,,-0.46240214424632714,-0.38209096703548157,-0.16449572621635353,-0.025953225358327975,0.16326997564842174,0.3340742314543937,0.5375978557536728,,
Sichuan,104.06667,30.66667,FCR,,,34.3,34.3,34.3,34.3,34.3,35.2,35.2,35.2,35.2,-0.8571428571428575,0.1428571428571425,0.1428571428571425,0.1428571428571425,0.1428571428571425,0.1428571428571425,0.1428571428571425,38.0,
Guizhou,106.71667,26.56667,GRDP,1243.4,1429.0,1649.4,1939.9,2264.1,2847.5,3504.5,3856.7,4519.0,5615.6,6742.2,-0.47741070007503245,-0.34098815397558035,-0.18547781996771334,-0.04321184147700148,0.162899888588254,0.36159932698210606,0.5225892999249676,17860.4,19586.4
Guizhou,106.71667,26.56667,RP,3837.0,3870.0,3904.0,3730.0,3690.0,3632.0,3596.0,3537.0,3479.0,3530.0,3587.0,-0.5449735449735452,-0.33664021164021196,-0.19312169312169342,0.03835978835978806,0.24669312169312138,0.3346560846560844,0.4550264550264547,3858.0,3852.0
Guizhou,106.71667,26.56667,LFTR,89.22,93.44,,,,211.85,260.8,311.71,395.57,518.14,681.66,-0.6315803581899515,-0.19290321499773835,0.040074385565179255,0.026963092027006582,0.166027241200221,0.3684196418100485,0.2229992125852332,1086.04,
Guizhou,106.71667,26.56667,PCDI,,,,3625.0,4016.0,4817.0,5533.0,6099.0,7226.0,8594.0,9850.0,-0.4635418264363937,-0.32525537593177695,-0.18288904567624764,-0.03000092027362794,0.13995828092886292,0.32527071382557754,0.5364581735636064,21795.0,23996.0
Guizhou,106.71667,26.56667,MHI,7022.0,13178.0,6664.0,6571.0,6147.0,5956.0,5848.0,24707.0,25420.0,25943.0,27404.0,0.5821428571428567,0.4252463054187188,0.18128078817733945,-0.4178571428571433,-0.4032019704433502,-0.3756157635467985,0.008004926108373936,28880.0,
Guizhou,106.71667,26.56667,EF,8.68,9.54,11.42,13.95,15.5,20.7,27.09,30.94,36.7,45.11,,-0.5308934067544652,-0.3989866208831475,-0.1678566194175166,-0.012792864471012123,0.30275747995226215,0.3386654383283431,0.46910659324553483,,
Guizhou,106.71667,26.56667,FCR,,,31.6,31.6,31.6,31.6,31.6,37.1,37.1,37.1,37.1,-0.8571428571428583,0.14285714285714166,0.14285714285714166,0.14285714285714166,0.14285714285714166,0.14285714285714166,0.14285714285714166,43.8,
Yunnan,102.73333,25.05,GRDP,2358.7,2633.4,3136.4,3497.7,4090.7,5077.4,6016.6,6574.4,7735.3,9523.1,11097.4,-0.4260050750053924,-0.3090436486183868,-0.22073113599613128,-0.08522821724979773,0.11836275435132938,0.3486503975237709,0.5739949249946076,24555.7,27146.8
Yunnan,102.73333,25.05,RP,4333.0,4376.0,4415.0,4450.0,4483.0,4514.0,4543.0,4571.0,4602.0,4620.0,4631.0,-0.5029354207436346,-0.33855185909979896,-0.20156555772993595,-0.009784735812127732,0.2093933463796531,0.34637964774951613,0.49706457925636544,4722.0,4690.0
Yunnan,102.73333,25.05,LFTR,173.36,184.43,209.36,,,378.64,482.39,548.11,702.16,881.95,1063.9,-0.22222222222222185,-0.1588177979863591,-0.2406986395294288,-0.3742917974811446,-0.15658041932806496,0.5269026740283639,0.6257082025188554,1453.07,
Yunnan,102.73333,25.05,PCDI,,,,4197.0,4664.0,5469.0,6492.0,7170.0,8184.0,9739.0,11233.0,-0.46237674362674375,-0.3367454304954306,-0.1840728715728717,-0.02656024531024542,0.14473605098605088,0.32739598364598355,0.5376232563732563,23295.0,25666.0
Yunnan,102.73333,25.05,MHI,8798.0,3006.0,9436.0,10110.0,10020.0,9693.0,9249.0,22365.0,22888.0,23248.0,23395.0,-0.23745173745173634,-0.22536069904490846,-0.29648445437919013,-0.25878886405202084,0.061268034952246586,0.25330217435480706,0.7035155456208099,26626.0,
Yunnan,102.73333,25.05,EF,12.95,14.48,17.51,19.85,23.11,27.58,34.23,44.08,53.36,65.83,,-0.4944470322881169,-0.46149697222290326,-0.24594866262963055,-0.00036774620608498774,0.24092279781313564,0.4557846478217165,0.5055529677118831,,
Yunnan,102.73333,25.05,FCR,,,47.5,47.5,47.5,47.5,47.5,50.0,50.0,50.0,50.0,-0.857142857142857,0.14285714285714307,0.14285714285714307,0.14285714285714307,0.14285714285714307,0.14285714285714307,0.14285714285714307,55.0,
Tibet,91.0,30.6,GRDP,162.0,186.0,217.9,243.1,285.9,344.1,398.2,445.7,512.9,611.5,710.2,-0.4569752924168746,-0.3287554212117228,-0.20996517282165847,-0.06047115258246801,0.14192075174135907,0.3712215797082405,0.5430247075831254,1902.7,2080.2
Tibet,91.0,30.6,RP,268.0,272.0,276.0,280.0,285.0,289.0,292.0,296.0,300.0,309.0,315.0,-0.5097402597402602,-0.3279220779220783,-0.21428571428571466,0.012987012987012618,0.21753246753246716,0.3311688311688308,0.4902597402597399,366.0,366.0
Tibet,91.0,30.6,LFTR,5.81,6.54,7.19,,,11.67,15.19,18.51,25.28,45.83,70.07,-0.4715714618017477,-0.3050211012527829,-0.23360914498388316,-0.15161333200412047,0.12345063636061558,0.5099358654836674,0.5284285381982523,143.24,
Tibet,91.0,30.6,PCDI,,,,3630.0,3828.0,4609.0,5249.0,5807.0,6628.0,7510.0,8568.0,-0.44531444377771606,-0.34389040935501347,-0.1877588654558228,-0.04586766578365805,0.1403837428834867,0.3277620852664393,0.554685556222284,21744.0,24950.0
Tibet,91.0,30.6,MHI,1348.0,5166.0,1326.0,1378.0,1349.0,1322.0,1326.0,4959.0,4960.0,6602.0,6660.0,-0.46777408637873696,-0.14219269102989973,-0.05382059800664391,0.04385382059800725,0.001993355481728179,0.08571428571428631,0.532225913621263,6939.0,
Tibet,91.0,30.6,EF,1.41,1.87,2.35,3.02,2.77,4.21,4.94,5.97,6.62,8.26,,-0.5032428742106161,-0.31029185867895537,-0.07791431984980357,-0.11435398532172729,0.2022529441884281,0.3067929680832907,0.4967571257893839,,
Tibet,91.0,30.6,FCR,,,11.9,11.9,11.9,11.9,11.9,12.0,12.0,12.0,12.0,-0.8571428571428571,0.14285714285714285,0.14285714285714285,0.14285714285714285,0.14285714285714285,0.14285714285714285,0.14285714285714285,12.1,
Shaanxi,108.95,34.26667,GRDP,2253.4,2587.7,3141.6,3817.2,4595.6,5681.8,7177.8,7997.8,9845.2,12175.1,14142.4,-0.43521598044343246,-0.28380717363099695,-0.23361400629346996,-0.11761246904554828,0.12791231907718886,0.3775532907796911,0.5647840195565675,26014.1,29801.0
Shaanxi,108.95,34.26667,RP,3662.0,3672.0,3681.0,3690.0,3699.0,3708.0,3718.0,3727.0,3735.0,3765.0,3787.0,-0.5122448979591842,-0.34795918367346984,-0.21224489795918414,-0.012244897959184138,0.20204081632653015,0.394897959183673,0.48775510204081585,3955.0,3954.0
Shaanxi,108.95,34.26667,LFTR,96.62,143.13,,,,355.5,455.6,532.8,710.57,933.84,1131.55,-0.3114264343149219,-0.1876341261431335,-0.2583035769939721,-0.39222491340237425,0.045956848113551545,0.495857116143222,0.6077750865976257,1752.14,
Shaanxi,108.95,34.26667,PCDI,,,,4395.0,5029.0,5974.0,7263.0,8122.0,9412.0,11229.0,12885.0,-0.4677204474173583,-0.3254045352355048,-0.17405423408920598,-0.030378306364317684,0.1406922201559854,0.3245857503677593,0.5322795525826417,26226.0,28568.0
Shaanxi,108.95,34.26667,MHI,12462.0,14369.0,11703.0,11701.0,11631.0,9708.0,8812.0,33928.0,35696.0,36396.0,36271.0,0.39489324235087053,0.45139041749211345,0.3399368992589342,0.11805708415878015,-0.26047398928754756,-0.5486095825078865,-0.49519407146525685,34983.0,
Shaanxi,108.95,34.26667,EF,15.98,18.59,20.47,23.32,22.89,28.55,38.06,46.37,51.44,68.38,,-0.3878753859107495,-0.33875947235475734,-0.1782206006174574,-0.07297221442604569,0.06651698007297192,0.29918607914678624,0.6121246140892506,,
Shaanxi,108.95,34.26667,FCR,,,37.3,37.3,37.3,37.3,37.3,41.4,41.4,41.4,41.4,-0.8571428571428548,0.14285714285714524,0.14285714285714524,0.14285714285714524,0.14285714285714524,0.14285714285714524,0.14285714285714524,43.1,
Gansu,103.73333,36.03333,GRDP,1232.0,1399.9,1653.6,1864.6,2203.0,2675.1,3071.7,3268.3,3943.7,4816.9,5393.1,-0.4255914955670854,-0.23922416070503952,-0.22509589678019273,-0.0951676476493401,0.06342396415626693,0.347246732112477,0.5744085044329146,8979.7,10243.3
Gansu,103.73333,36.03333,RP,2531.0,2537.0,2541.0,2545.0,2547.0,2548.0,2551.0,2555.0,2560.0,2552.0,2550.0,0.5204081632653015,0.3061224489795872,0.020408163265301482,-0.08673469387755565,-0.015306122448984232,-0.2653061224489842,-0.4795918367346985,2501.0,2490.0
Gansu,103.73333,36.03333,LFTR,65.43,72.24,,,,142.05,162.8,176.04,220.29,284.04,347.78,-0.5745712210379638,-0.19826116604159572,0.006833780518536952,-0.012830015268533522,0.09685142086304262,0.4254287789620363,0.25654842200447653,567.93,
Gansu,103.73333,36.03333,PCDI,,,,3962.0,4428.0,5037.0,5782.0,6454.0,7358.0,8463.0,9768.0,-0.47536434243825815,-0.3249672746312942,-0.16833929662274197,-0.02136312069115982,0.1424731651976612,0.3229252116240509,0.5246356575617418,20335.0,22066.0
Gansu,103.73333,36.03333,MHI,11062.0,8037.0,11404.0,11849.0,12022.0,12024.0,10534.0,25299.0,26673.0,26632.0,26401.0,-0.4749338624338617,0.08941798941799015,0.03525132275132347,0.21951058201058274,0.5250661375661383,0.08062169312169384,-0.4749338624338617,26204.0,
Gansu,103.73333,36.03333,EF,8.36,9.14,10.31,11.95,13.21,16.73,23.1,27.61,31.07,36.08,,-0.5220021509231048,-0.40562824879010595,-0.1066947481627533,0.07241441118480008,0.19223875246459912,0.2916741351496682,0.47799784907689524,,
Gansu,103.73333,36.03333,FCR,,,10.4,10.4,10.4,10.4,10.4,11.3,11.3,11.3,11.3,inf,inf,inf,inf,inf,inf,inf,11.3,
Qinghai,96.75,36.56667,GRDP,340.7,385.0,443.7,499.4,585.2,720.1,896.9,939.7,1144.2,1370.4,1528.5,-0.46439624880739055,-0.35493216670932887,-0.22193004910059785,-0.020594326670234746,0.14791846042864137,0.3783305796663023,0.5356037511926095,3009.8,3346.6
Qinghai,96.75,36.56667,RP,529.0,534.0,539.0,543.0,548.0,552.0,554.0,557.0,563.0,568.0,571.0,-0.5413533834586491,-0.27819548872180705,-0.22556390977443866,0.03759398496240345,0.24812030075187713,0.30075187969924555,0.4586466165413508,593.0,594.0
Qinghai,96.75,36.56667,LFTR,15.82,19.63,20.52,,,43.29,55.9,70.17,88.94,119.85,146.69,-0.5551272524614533,0.2361601337544109,0.4448727475385467,-0.5086383057774487,-0.2654653538918824,0.43446962660226607,0.2137284042355553,213.27,
Qinghai,96.75,36.56667,PCDI,,,,4587.0,5113.0,5916.0,6808.0,7553.0,8659.0,10024.0,11470.0,-0.4753582508494608,-0.32789185994977105,-0.1790811050376718,-0.025099719308612847,0.1505983158516767,0.3321908701433003,0.5246417491505392,24037.0,25920.0
Qinghai,96.75,36.56667,MHI,1450.0,9559.0,1439.0,1478.0,1643.0,1619.0,1582.0,5959.0,5781.0,5887.0,5948.0,-0.556070704143726,-0.10779484207476041,-0.144305998261373,-0.006374963778614367,0.164010431758911,0.20660678064329233,0.44392929585627405,6407.0,
Qinghai,96.75,36.56667,EF,1.9,2.0,2.25,2.87,3.74,4.58,6.08,7.86,10.62,15.52,,-0.5039862098685626,-0.1962939021762549,-0.12314156431803475,-0.056022408963585235,0.07972419737125645,0.3037060978237451,0.4960137901314374,,
Qinghai,96.75,36.56667,FCR,,,4.6,4.6,4.6,4.6,4.6,5.6,5.6,5.6,5.6,-0.8571428571428578,0.1428571428571422,0.1428571428571422,0.1428571428571422,0.1428571428571422,0.1428571428571422,0.1428571428571422,5.8,
Ningxia,106.26667,37.46667,GRDP,377.2,442.6,519.9,579.9,683.3,877.6,1139.2,1266.7,1571.7,1931.8,2131.0,-0.435117036679537,-0.33221726190476203,-0.2579633204633206,-0.1157898970398972,0.17904399935649923,0.397160553410553,0.5648829633204631,3956.3,4522.3
Ningxia,106.26667,37.46667,RP,572.0,580.0,588.0,596.0,604.0,610.0,618.0,625.0,633.0,648.0,659.0,-0.5406162464985991,-0.3053221288515403,-0.1876750700280109,0.028011204481793034,0.22408963585434205,0.32212885154061655,0.45938375350140087,721.0,725.0
Ningxia,106.26667,37.46667,LFTR,21.93,24.41,,,,58.79,77.74,90.74,126.79,177.13,207.02,-0.3860972114548824,-0.1749477294617891,-0.07660864049615862,-0.23710855827283994,0.15345220475955604,0.6139027885451176,0.1074071463809997,263.87,
Ningxia,106.26667,37.46667,PCDI,,,,4918.0,5576.0,6630.0,7924.0,8742.0,9864.0,11480.0,13104.0,-0.46496039000609385,-0.3287629494210847,-0.18433881779402803,-0.031687995124923825,0.14401787527930124,0.330692667072923,0.5350396099939062,25735.0,27905.0
Ningxia,106.26667,37.46667,MHI,1370.0,8990.0,1483.0,1463.0,1553.0,1530.0,1629.0,4149.0,4129.0,4132.0,4140.0,-0.34507501630789245,-0.235485975212002,-0.0848010437051527,-0.2400521852576641,-0.1624266144814084,0.6549249836921076,0.41291585127201624,4574.0,
Ningxia,106.26667,37.46667,EF,2.3,2.45,2.96,3.63,3.99,6.37,7.03,8.13,9.95,13.14,,-0.5133273435160227,-0.3885893980233602,-0.1108116202455825,0.004492362982929191,0.2298592392932016,0.2917041030248578,0.48667265648397723,,
Ningxia,106.26667,37.46667,FCR,,,9.8,9.8,9.8,9.8,9.8,11.9,11.9,11.9,11.9,-0.8571428571428575,0.1428571428571425,0.1428571428571425,0.1428571428571425,0.1428571428571425,0.1428571428571425,0.1428571428571425,12.6,
Xinjiang,87.68333,43.76667,GRDP,1612.6,1889.2,2170.4,2520.5,2957.3,3500.0,4142.5,4237.0,5360.2,6532.0,7411.8,-0.4230679494393592,-0.2555398487572572,-0.2473930527153705,-0.18515844804633413,0.1086449912850138,0.42558225711266295,0.5769320505606408,13800.7,15983.6
Xinjiang,87.68333,43.76667,RP,1905.0,1934.0,1963.0,2010.0,2050.0,2095.0,2131.0,2159.0,2185.0,2225.0,2253.0,-0.5145985401459854,-0.3686131386861314,-0.14963503649635038,0.0072992700729927005,0.19708029197080293,0.34306569343065696,0.4854014598540146,2590.0,2589.0
Xinjiang,87.68333,43.76667,LFTR,93.58,105.24,123.19,,,220.65,286.55,301.13,416.23,593.41,698.93,-0.4263854215508611,-0.15383153172561517,-0.2694174449696494,-0.23637388957179642,0.09716642800116584,0.5736145784491389,0.41522728136761694,910.19,
Xinjiang,87.68333,43.76667,PCDI,,,,4707.0,5290.0,6273.0,7012.0,7656.0,9042.0,10443.0,12151.0,-0.49778134512577416,-0.3465039148278838,-0.15971286214050964,-0.001120685738516647,0.17061683148824047,0.33228332147021866,0.5022186548742259,23845.0,26075.0
Xinjiang,87.68333,43.76667,MHI,10296.0,9618.0,9086.0,8087.0,8175.0,7465.0,6739.0,14244.0,16000.0,17412.0,18320.0,-0.019545846507618175,0.4029893647599875,0.252083932164414,0.30640988789882045,0.10319057200344822,-0.44811727507904675,-0.5970106352400125,18158.0,
Xinjiang,87.68333,43.76667,EF,10.82,11.79,13.32,15.27,15.33,19.17,25.02,29.59,36.56,46.06,,-0.45873203719357575,-0.37352493660185976,-0.18819949281487758,-0.02464919695688952,0.126356720202874,0.3774809805579035,0.5412679628064242,,
Xinjiang,87.68333,43.76667,FCR,,,4.0,4.0,4.0,4.0,4.0,4.2,4.2,4.2,4.2,-0.8571428571428564,0.14285714285714357,0.14285714285714357,0.14285714285714357,0.14285714285714357,0.14285714285714357,0.14285714285714357,4.9,
